Game Name,Original Price,Sale Price,Sale Rate,Date
데이브 더 다이버 (DAVE THE DIVER),24000,15600,35%,2025-08-06
피크민 4,64800,45360,30%,2025-08-06
뉴 슈퍼 마리오브라더스 U 디럭스,64800,45360,30%,2025-08-06
젤다의 전설 꿈꾸는 섬,64800,45360,30%,2025-08-06
끝내주게 춤춰라 메이드 인 와리오,54800,38360,30%,2025-08-06
페르소나5 더 로열 (PERSONA5 THE ROYAL),69800,27920,60%,2025-08-06
It Takes Two,47000,23500,50%,2025-08-06
유니콘 오버로드(Unicorn Overlord),69800,38390,45%,2025-08-06
옥토패스 트래블러 II (OCTOPATH TRAVELER II),69800,27920,60%,2025-08-06
Overcooked! All You Can Eat,41000,13940,66%,2025-08-06
마리오 vs. 동키콩,54800,38360,30%,2025-08-06
버블보블 4 프렌즈,49800,14940,70%,2025-08-06
짱구는 못말려 나와 박사의 여름 방학~끝나지 않는 7일간의 여행~,59800,29900,50%,2025-08-06
DOOM + DOOM II,11420,4560,60%,2025-08-06
역전재판 456 오도로키 셀렉션,54800,27400,50%,2025-08-06
Phoenix Wright: Ace Attorney Trilogy(역전재판 123 나루호도 셀렉션),34800,11480,67%,2025-08-06
짱구는 못말려 번들,124600,74760,40%,2025-08-06
짱구는 못 말려『탄광마을의 흰둥이』,64800,45360,30%,2025-08-06
다함께 쿠키요미4,8900,5340,40%,2025-08-06
MONSTER HUNTER RISE + SUNBREAK 세트,69800,17450,75%,2025-08-06
13기병방위권,64800,25920,60%,2025-08-06
역전검사 1&2 미츠루기 셀렉션,44800,33600,25%,2025-08-06
드래곤 퀘스트 III HD-2D Remake,69800,45370,35%,2025-08-06
진・여신전생5 Vengeance,74800,41140,45%,2025-08-06
마리오와 소닉 AT 2020 도쿄 올림픽™,59800,29900,50%,2025-08-06
차근차근 게임 코딩,32800,22960,30%,2025-08-06
2020 도쿄 올림픽 - The Official Video Game™,45800,13740,70%,2025-08-06
Super Bunny Man,16000,12000,25%,2025-08-06
용과 같이 극,29800,22350,25%,2025-08-06
트라인 4: 악몽의 왕자,35000,7000,80%,2025-08-06
Moonglow Bay,32920,16460,50%,2025-08-06
마리오 + 래비드 반짝이는 희망(MARIO + RABBIDS SPARKS OF HOPE),64800,11000,83%,2025-08-06
귀멸의 칼날 히노카미 혈풍담,59800,17940,70%,2025-08-06
Unravel Two,24000,7200,70%,2025-08-06
사이쿄 컬렉션 Vol.2,34000,17000,50%,2025-08-06
MONSTER HUNTER RISE + SUNBREAK 더블 디럭스 세트,79800,22340,72%,2025-08-06
진격의거인２ -Final Battle-,64800,32400,50%,2025-08-06
SUPER BOMBERMAN R 2,61500,36900,40%,2025-08-06
무쌍: 어비스,29800,22350,25%,2025-08-06
Super Crazy Rhythm Castle,48700,24350,50%,2025-08-06
페르소나4 더 골든 (Persona 4 The Golden),19800,11880,40%,2025-08-06
Staffer Case: 초능력 추리 어드벤처,24800,17360,30%,2025-08-06
Nobody Saves the World,28000,9800,65%,2025-08-06
페르소나 5 스크램블 더 팬텀 스트라이커즈,69800,27920,60%,2025-08-06
DOOM 64,5550,2220,60%,2025-08-06
SHINOBI 복수의 참격,27800,25020,10%,2025-08-06
F1® Manager 2024,37500,11250,70%,2025-08-06
XCOM 2 컬렉션,54000,8100,85%,2025-08-06
아바마마와 돌아온 데굴데굴~쫀득쫀득~ 괴혼,34800,8800,75%,2025-08-06
Tactics Ogre: Reborn,62000,31000,50%,2025-08-06
The Binding of Isaac: Repentance,51500,38600,25%,2025-08-06
Gang Beasts,25000,10000,60%,2025-08-06
텐가이 for Nintendo Switch(TENGAI for Nintendo Switch),8800,4400,50%,2025-08-06
Need for Speed™ Hot Pursuit Remastered,47000,9400,80%,2025-08-06
뿌요뿌요™테트리스® S,29800,14900,50%,2025-08-06
버니 가든,29800,20860,30%,2025-08-06
LYSFANGA : THE TIME SHIFT WARRIOR,27000,6750,75%,2025-08-06
LIMBO,11000,1100,90%,2025-08-06
로맨싱 사가 2 리벤지 오브 더 세븐,59800,41860,30%,2025-08-06
몬스터헌터 스토리즈（Monster Hunter Stories）,34800,22960,34%,2025-08-06
Brotato,5500,3850,30%,2025-08-06
다함께 쿠키요미3 -아버지가 아들에게-,5250,2620,50%,2025-08-06
대항해시대4 with 파워업키트 HD Version,49800,34860,30%,2025-08-06
미스터 드릴러 드릴랜드,32800,3800,88%,2025-08-06
The Aquarium does not dance,21500,17200,20%,2025-08-06
로맨싱 사가 2 리벤지 오브 더 세븐 Nintendo Switch 2 Edition,59800,41860,30%,2025-08-06
Castlevania Dominus Collection,30400,21280,30%,2025-08-06
Fate/Samurai Remnant,69800,34900,50%,2025-08-06
페르소나3 포터블 (Persona 3 Portable),19800,11880,40%,2025-08-06
영웅전설 섬의 궤적 II: Kai -The Erebonian Civil War-,42000,16800,60%,2025-08-06
영웅전설 섬의 궤적 I: Kai -Thors Military Academy 1204-,42000,16800,60%,2025-08-06
룬 팩토리 4 스페셜,29800,14900,50%,2025-08-06
젤다무쌍 하이랄의 전설들 DX,74800,49360,34%,2025-08-06
Tales of the Shire: A The Lord of the Rings™ Game,39500,35500,10%,2025-08-06
Stray,32000,25600,20%,2025-08-06
삼국지8 REMAKE,69800,48860,30%,2025-08-06
영웅전설 시작의 궤적,64800,25920,60%,2025-08-06
삼국지14 with 파워업키트,75800,45480,40%,2025-08-06
스트라이커즈 1945 III for Nintendo Switch (STRIKERS 1945 III for Nintendo Switch),8800,4400,50%,2025-08-06
SONIC MANIA,20000,6000,70%,2025-08-06
오구와 비밀의 숲,24800,19840,20%,2025-08-06
드래곤 퀘스트 몬스터즈 3 마족 왕자와 엘프의 여행,69800,27920,60%,2025-08-06
영웅전설 섬의 궤적 IV -THE END OF SAGA-,57400,22960,60%,2025-08-06
영웅전설 섬의 궤적 III,57400,22960,60%,2025-08-06
스트라이커즈 1945 II for Nintendo Switch(STRIKERS 1945 II for Nintendo Switch),8800,4400,50%,2025-08-06
파: 론 세일즈,14900,1490,90%,2025-08-06
쿠니오 군: 더 월드 클래식 컬렉션,39800,9950,75%,2025-08-06
Capcom Belt Action Collection,34800,17400,50%,2025-08-06
사이쿄 컬렉션 Vol.1,34000,17000,50%,2025-08-06
GRADIUS ORIGINS,53800,48420,10%,2025-08-06
LUNAR Remastered Collection,69000,55200,20%,2025-08-06
MARVEL vs. CAPCOM Fighting Collection: Arcade Classics,54800,32880,40%,2025-08-06
페이퍼 트레일 Paper Trail,21500,2150,90%,2025-08-06
Ghost Trick,34800,17400,50%,2025-08-06
Storyteller,17950,10770,40%,2025-08-06
건버드2 for Nintendo Switch(GUNBIRD2 for Nintendo Switch),8800,4400,50%,2025-08-06
영웅전설 제로의 궤적: Kai,39800,15920,60%,2025-08-06
랑그릿사 I & II,64800,12960,80%,2025-08-06
갓 이터 3,39800,3800,90%,2025-08-06
Batman: Arkham Trilogy,79800,26330,67%,2025-08-06
Gordian Quest,26410,3960,85%,2025-08-06
Trine 5: A Clockwork Conspiracy,34800,23660,32%,2025-08-06
도라에몽 진구의 목장이야기 대자연의 왕국과 모두의 집,59800,14800,75%,2025-08-06
LEGO® Bricktales,31000,4650,85%,2025-08-06
기기괴계 검은 망토의 수수께끼（奇々怪界 黒マントの謎）,36800,20240,45%,2025-08-06
룬 팩토리 5,64800,19440,70%,2025-08-06
캐서린 풀 보디 for Nintendo Switch,54900,21960,60%,2025-08-06
당신을 기다리는 여우 The Fox Awaits Me,48000,7200,85%,2025-08-06
디지몬 스토리 사이버 슬루스 해커스 메모리,59800,14800,75%,2025-08-06
Hungry Shark® World,11000,2000,82%,2025-08-06
The Elder Scrolls V : Skyrim,69800,23030,67%,2025-08-06
유미아의 아틀리에 ~추억의 연금술사와 창환의 땅~,69800,52350,25%,2025-08-06
LEGO® 호라이즌 어드벤처,69800,34800,50%,2025-08-06
영웅전설 여의 궤적 Ⅱ for Nintendo Switch,50000,35000,30%,2025-08-06
블레이즈 유니온 -STORY TO REACH THE FUTURE -,28600,14300,50%,2025-08-06
Stacklands,16500,11550,30%,2025-08-06
토리다마 -담력 시험-,5250,2620,50%,2025-08-06
페르소나5 택티카,69800,34900,50%,2025-08-06
Trombone Champ,15500,6200,60%,2025-08-06
AKIBA'S TRIP2 Director's Cut(아키바스 트립2 DC),46200,18480,60%,2025-08-06
다함께 쿠키요미 온라인,9440,4720,50%,2025-08-06
Teenage Mutant Ninja Turtles: The Cowabunga Collection,46400,18560,60%,2025-08-06
Street Fighter 30th Anniversary Collection,36400,12000,67%,2025-08-06
LEGO® Marvel Super Heroes 2,48000,4800,90%,2025-08-06
레고® 월드 [LEGO® Worlds],36000,4680,87%,2025-08-06
레고® 닌자고® 무비 비디오 게임 [The LEGO® NINJAGO® Movie Videogame],48000,3360,93%,2025-08-06
페르소나4 디 얼티맥스 울트라 수플렉스 홀드（Persona4 The ULTIMAX ULTRA SUPLEX HOLD）,29800,17880,40%,2025-08-06
BIOHAZARD REVELATIONS 2,23800,9500,60%,2025-08-06
진・삼국무쌍８ Empires,64800,32400,50%,2025-08-06
Tails Of Iron,27400,5290,81%,2025-08-06
몬스터헌터 스토리즈 2 파멸의 날개,44800,22400,50%,2025-08-06
영웅전설 벽의 궤적: Kai,39800,15920,60%,2025-08-06
유그드라 유니온,19800,7920,60%,2025-08-06
MONSTER HUNTER XX™ Nintendo Switch Ver.,48800,12200,75%,2025-08-06
NARUTO -나루토- 질풍전 나루티밋 스톰 4 ROAD TO BORUTO,54800,27800,49%,2025-08-06
몬스터 보이와 저주받은 왕국,45000,11250,75%,2025-08-06
Assassins Creed® III: Remastered,44000,11000,75%,2025-08-06
Fate/hollow ataraxia REMASTERED,32000,28800,10%,2025-08-06
Azure Striker Gunvolt Trilogy Enhanced,49800,44820,10%,2025-08-06
THE EXIT: LIMINAL ANOMALY HORROR - 출구: 한계 이상 현상 공포,6990,2700,61%,2025-08-06
Tails of Iron 2: Whiskers of Winter,31400,18400,41%,2025-08-06
Jewel Fever 3,7990,1500,81%,2025-08-06
"아이고, 잘못된 주유!",16500,6600,60%,2025-08-06
소드 아트 온라인 프랙처드 데이드림,69800,36800,47%,2025-08-06
에이스 컴뱃 7: 스카이즈 언노운 디럭스 에디션（ACE COMBAT™7: SKIES UNKNOWN DELUXE EDITION）,49800,24800,50%,2025-08-06
Planet of Lana,24900,9960,60%,2025-08-06
Croc's World 4,5990,1000,83%,2025-08-06
센티멘탈 데스루프,24800,12400,50%,2025-08-06
The Forest Quartet,10200,1000,90%,2025-08-06
Super Mega Baseball™ 4 Standard Edition,59000,5900,90%,2025-08-06
세계수의 미궁3 성해의 방문자 HD REMASTER,39800,15920,60%,2025-08-06
마계전기 디스가이아7,31250,21870,30%,2025-08-06
퍼즐버블 에브리버블!,49800,29880,40%,2025-08-06
항공기 비행 시뮬레이터 (Airplane Flight Simulator),19000,2800,85%,2025-08-06
성탑신기 트리니티 트리거,64800,19440,70%,2025-08-06
BIOHAZARD 7 resident evil CLOUD,44800,11200,75%,2025-08-06
A Little to the Left,17900,8950,50%,2025-08-06
Zumba Garden,3400,1000,71%,2025-08-06
Dark Deity,27000,6750,75%,2025-08-06
파: 변화의 파도,23400,7020,70%,2025-08-06
Doki Doki Literature Club Plus! (두근두근 문예부 플러스!),20500,15370,25%,2025-08-06
Castlevania Advance Collection,24900,13690,45%,2025-08-06
Slime Rancher: Plortable Edition,26000,7800,70%,2025-08-06
MONSTER HUNTER RISE,44800,11200,75%,2025-08-06
목장이야기 올리브 타운과 희망의 대지,59800,17940,70%,2025-08-06
DOOM® Eternal,44500,11120,75%,2025-08-06
전국 캐논 for Nintendo Switch (Sengoku Cannon for Nintendo Switch),8800,4400,50%,2025-08-06
진·여신전생3 NOCTURNE HD REMASTER,49800,19920,60%,2025-08-06
오니가 우는 나라,44800,13440,70%,2025-08-06
Moving Out,32600,6520,80%,2025-08-06
Mega Man Zero/ZX Legacy Collection,37800,12850,66%,2025-08-06
소드 아트 온라인 -페이탈 불릿- Complete Edition,59800,6800,89%,2025-08-06
블러드스테인드: 리추얼 오브 더 나이트,49800,12450,75%,2025-08-06
러브러브 스위츠 ~너와 나의 비밀 레시피~,49800,19920,60%,2025-08-06
Dragon's Dogma: Dark Arisen,34800,5560,84%,2025-08-06
Sports Party,23000,5500,76%,2025-08-06
원더보이 : 드래곤즈 트랩,39000,9750,75%,2025-08-06
JALECOlle Famicom Ver. Saiyuuki World II - The Demon God of Heaven -  & WHOMP'EM,11000,9900,10%,2025-08-06
Ritual of Raven,27000,24300,10%,2025-08-06
Cottonville,15000,2990,80%,2025-08-06
The Wandering Village,32000,28800,10%,2025-08-06
놀면서 배우자 어린이 미니게임 모음,8900,4450,50%,2025-08-06
CONERU -DIMENSION GIRL-,21500,17200,20%,2025-08-06
Sid Meier's Civilization® VII (시드 마이어의 문명® VII),67800,57630,15%,2025-08-06
팬텀 킹덤,29800,20860,30%,2025-08-06
팬텀 브레이브,29800,20860,30%,2025-08-06
FAIRY TAIL 2,69800,45370,35%,2025-08-06
Slay the Princess - The Pristine Cut,24080,19260,20%,2025-08-06
도라에몽의 팥빵 가게 스토리 (Doraemon Dorayaki Shop Story),25000,20000,20%,2025-08-06
Darkest Dungeon II,42000,25200,40%,2025-08-06
스파이 패밀리 오퍼레이션 다이어리,59800,41800,30%,2025-08-06
"귀멸의 칼날: 도전, 최강의 대원!",49800,22410,55%,2025-08-06
Contra: Operation Galuga,57100,28550,50%,2025-08-06
Tools Up! Ultimate Edition,37500,5620,85%,2025-08-06
Outer Wilds,30500,18300,40%,2025-08-06
전국 일반상식 체크,8900,4450,50%,2025-08-06
Ember Knights,21500,10750,50%,2025-08-06
Mail Time,21500,15050,30%,2025-08-06
레드 데드 리뎀션,64800,38880,40%,2025-08-06
다른 겨울의 우리들,6250,1870,70%,2025-08-06
크라이마키나,69800,34900,50%,2025-08-06
마리의 아틀리에 Remake ~잘부르그의 연금술사~,59800,29900,50%,2025-08-06
나이츠 인 더 나이트메어,28600,14300,50%,2025-08-06
목장이야기 Welcome! 원더풀 라이프,44800,13440,70%,2025-08-06
세계수의 미궁 HD REMASTER,39800,15920,60%,2025-08-06
어린이를 위한 메모리 게임,13020,1990,85%,2025-08-06
룬 팩토리 3 스페셜,54800,27400,50%,2025-08-06
CRISIS CORE –FINAL FANTASY VII– REUNION DIGITAL DELUXE EDITION,84500,33800,60%,2025-08-06
BIOHAZARD RE:3 CLOUD,34800,11480,67%,2025-08-06
BIOHAZARD RE:2 CLOUD,44800,11200,75%,2025-08-06
BIOHAZARD VILLAGE CLOUD,44800,11200,75%,2025-08-06
알카노이드 - 이터널 배틀 (Arkanoid - Eternal Battle),37800,5670,85%,2025-08-06
미궁전설,19800,5940,70%,2025-08-06
글로리아 유니온 -Twin fates in blue ocean-,22000,8800,60%,2025-08-06
Tribes of Midgard,24900,6220,75%,2025-08-06
타이토 마일스톤,49000,24500,50%,2025-08-06
Cat Cafe Manager,21500,12900,40%,2025-08-06
biohazard 4,23800,11900,50%,2025-08-06
데몬 게이즈 엑스트라（DEMON GAZE EXTRA）,68800,13760,80%,2025-08-06
Spelunky 2,22000,8800,60%,2025-08-06
MELTY BLOOD: TYPE LUMINA - Deluxe Edition,77800,23340,70%,2025-08-06
칼리굴라2,64800,19440,70%,2025-08-06
로맨싱 사가 3,49800,14940,70%,2025-08-06
스트라이커즈 1945 for Nintendo Switch(STRIKERS 1945 for Nintendo Switch),8800,4400,50%,2025-08-06
케이크 대소동,21600,4320,80%,2025-08-06
쥬라기 월드 에볼루션: 컴플리트 에디션,66660,13330,80%,2025-08-06
AKIBA'S TRIP: Hellbound & Debriefed,48700,9740,80%,2025-08-06
Among Us,5500,3300,40%,2025-08-06
제로 거너 2- for Nintendo Switch (ZERO GUNNER 2- for Nintendo Switch),8800,4400,50%,2025-08-06
팡 어드벤처스,9900,4450,55%,2025-08-06
동방스펠버블,58000,29000,50%,2025-08-06
카오스 코드 -뉴 사인 오브 카타스트로피-,9800,1960,80%,2025-08-06
NBA 2K 플레이그라운드 2,32000,8000,75%,2025-08-06
얼라이언스 얼라이브 HD Remastered,58000,11600,80%,2025-08-06
섬란 카구라 Reflexions,69800,20940,70%,2025-08-06
Fate/EXTELLA LINK,69800,20940,70%,2025-08-06
Mega Man Legacy Collection,17900,5370,70%,2025-08-06
Mega Man 11,34500,11730,66%,2025-08-06
GOD WARS The Complete Legend,52600,5260,90%,2025-08-06
샤이닝 레조넌스 리프레인,49800,9960,80%,2025-08-06
소닉 포시즈,49800,9960,80%,2025-08-06
ULTRA STREET FIGHTER® II The Final Challengers,54800,21920,60%,2025-08-06
범인은 어디에?,3900,2900,26%,2025-08-06
Hit! Spin! Watermelon Party,8000,5000,38%,2025-08-06
미스테리 호텔 : 숨은 그림 찾기 (Mystery Hotel: Hidden Objects),18000,15300,15%,2025-08-06
분실물 주인을 찾아라!,3900,2900,26%,2025-08-06
악마와의 데이트 (Date with Devils),19000,17100,10%,2025-08-06
Make it! Choco Banana,7000,5000,29%,2025-08-06
Our Summer Festival 2,16500,12500,24%,2025-08-06
AGENT 07- SPY REVENGE,13990,2990,79%,2025-08-06
배고픈 밈,42900,34320,20%,2025-08-06
Fortune's Favor,25000,18750,25%,2025-08-06
얀데레 공방,10000,6000,40%,2025-08-06
브릿지 레이스,7150,2490,65%,2025-08-06
BRAINROT TUNG TUNG SAHUR,13700,2700,80%,2025-08-06
전설의 호플리트 (Legendary Hoplite),19990,17490,13%,2025-08-06
Make it! Sushi,8000,5000,38%,2025-08-06
夏目友人帳 ～葉月の記～（나츠메 우인장 ～하즈키의 기록～）,53000,42400,20%,2025-08-06
Casual Sport Series: Badminton (캐주얼 스포츠 시리즈: 배드민턴),6990,3490,50%,2025-08-06
초극한! 국기 2지선다 상식 도전,8900,4450,50%,2025-08-06
Operation: Hostage Rescue,3490,1000,71%,2025-08-06
"어디서 많이 본 ""그 게임""을 더 격하게 만들어 봤는데, 막대 인간으로는 한계가 있었던 건에 대하여.",9750,6820,30%,2025-08-06
Medieval Supermarket Shop Simulator- 중세 슈퍼마켓 상점 시뮬레이터,10200,2700,74%,2025-08-06
Aircraft Legends: Flight Academy Simulator-항공기 전설: 비행 아카데미 시뮬레이터,14600,4100,72%,2025-08-06
Formula Racing Pro 2025,19050,1500,92%,2025-08-06
어린이를 위한 틀린 그림 찾기,3900,1950,50%,2025-08-06
Chernobylite Complete Edition,38900,19450,50%,2025-08-06
Mine Clicker - Base Craft Building Game,9990,2990,70%,2025-08-06
Motorbikes Pro 2025,18600,1000,95%,2025-08-06
Meow Delivery: Fish Frenzy,7590,2990,61%,2025-08-06
세상을 위한 모든 소녀,12800,11520,10%,2025-08-06
Zombie Dash,4300,1000,77%,2025-08-06
Hole io,7150,2250,69%,2025-08-06
Darts Fever,7000,1000,86%,2025-08-06
카우보이 대 좀비 - Cowboys vs Zombies,12990,2700,79%,2025-08-06
My Cozy Room,12550,1990,84%,2025-08-06
MySims™: Cozy 번들,47000,29140,38%,2025-08-06
자동차 주차 전설: 드라이브 앤 파크 어드벤처 - Car Parking Legends: Drive & Park Adventure,15990,2700,83%,2025-08-06
Cats and Seek : Osaka,3900,1950,50%,2025-08-06
태번 토크,23500,16450,30%,2025-08-06
Zombie Survivors,5400,1000,81%,2025-08-06
Beyond Galaxyland,20930,10420,50%,2025-08-06
사냥과 싸움: 액션 RPG (Hunt and Fight: Action RPG),15350,7670,50%,2025-08-06
Puzzle Master: The Ultimate Challenge of Wits - 퍼즐 마스터: 궁극의 지혜 도전,5990,2700,55%,2025-08-06
SteamWorld Heist II,35400,14160,60%,2025-08-06
Thank Goodness You're Here!,21500,15050,30%,2025-08-06
Aooni,11000,3300,70%,2025-08-06
3D Billiards - Pool & Snooker,29000,19430,33%,2025-08-06
DROS,34400,2990,91%,2025-08-06
헨타이 솔리테어,16400,1000,94%,2025-08-06
ANIMAL WELL,25000,18750,25%,2025-08-06
호텔 허슬,14800,1990,87%,2025-08-06
Gift,27000,7560,72%,2025-08-06
Sclash,10000,2000,80%,2025-08-06
토리다마2 -담력 시험-,8900,4450,50%,2025-08-06
Sticky Business,11000,5500,50%,2025-08-06
Arcade Classics Anniversary Collection,24900,9960,60%,2025-08-06
Castlevania Anniversary Collection,24900,9960,60%,2025-08-06
Contra Anniversary Collection,24900,9960,60%,2025-08-06
Metal Mind,21500,8600,60%,2025-08-06
Lost Castle,11000,4400,60%,2025-08-06
레전드 오브 레거시 HD Remastered,58000,17400,70%,2025-08-06
Party Friends,9900,2480,75%,2025-08-06
MECHBLAZE,11000,5500,50%,2025-08-06
Vege Bubble Shoot,13100,1500,89%,2025-08-06
SCANDAL〜결혼까지 생각했어〜,3900,1950,50%,2025-08-06
블루이: 비디오 게임,54000,35100,35%,2025-08-06
개구쟁이 스머프: 공부 & 놀이,20220,1990,90%,2025-08-06
There Is No Light,21000,7350,65%,2025-08-06
30 Sport Games in 1,35400,7080,80%,2025-08-06
Hidden Cats in London,3900,1000,74%,2025-08-06
BLACK WITCHCRAFT,12000,8400,30%,2025-08-06
COCOON,30500,18300,40%,2025-08-06
어린이를 위한 스도쿠,13300,1990,85%,2025-08-06
아기상어™: 노래와 수영 파티,54000,18900,65%,2025-08-06
타이토 마일스톤 2,49000,24500,50%,2025-08-06
Double Dragon Gaiden: Rise of the Dragons,32900,11510,65%,2025-08-06
"어디서 많이 본 그 게임을 막대 인간으로 진짜 만들어 봤는데, 과연 당신이 클리어할 수 있을까?",11000,7700,30%,2025-08-06
번뜩！추리게임,8900,4450,50%,2025-08-06
Valthirian Arc: Hero School Story 2,26000,10400,60%,2025-08-06
Killer Frequency,31800,9540,70%,2025-08-06
레고® 2K 드라이브,34800,13920,60%,2025-08-06
Behind The Screen,16000,2000,88%,2025-08-06
Itorah,22000,2200,90%,2025-08-06
염룡성권 샤오메이,17000,6800,60%,2025-08-06
로맨싱 사가 -민스트럴 송- 리마스터,54800,27400,50%,2025-08-06
Zombie Garden vs Plants Defence -Battle Craft and Survival Simulator Game,6990,1000,86%,2025-08-06
레이 아케이드 크로놀로지,59800,29900,50%,2025-08-06
The Pathless,49500,12380,75%,2025-08-06
Shark Attack: Fish Predator Ocean Sea Adventure Survival,6140,1000,84%,2025-08-06
Chess Royal,3400,1000,71%,2025-08-06
피드,28870,1990,93%,2025-08-06
Bravery and Greed,22500,6750,70%,2025-08-06
아라가미 2 (Aragami 2),45000,9000,80%,2025-08-06
Totally Accurate Battle Simulator,24900,12450,50%,2025-08-06
Jurassic World Aftermath Collection,42350,8470,80%,2025-08-06
소닉 프론티어 디럭스 에디션,64800,25920,60%,2025-08-06
Life is Strange Arcadia Bay Collection,44800,17920,60%,2025-08-06
神業 도둑의 길 -신업 도둑의 길-,39800,11940,70%,2025-08-06
Bus Simulator City Ride,47600,19040,60%,2025-08-06
드래곤볼 더 브레이커즈,24800,4800,81%,2025-08-06
몬케이지 Moncage,15500,10850,30%,2025-08-06
Classic Games Collection Vol.2,3000,1000,67%,2025-08-06
Strike Buster Prototype,10000,1000,90%,2025-08-06
사가 프론티어 리마스터 (SaGa Frontier Remastered),49800,24900,50%,2025-08-06
팩맨 월드 리팩 (PAC-MAN WORLD Re-PAC),32800,6800,79%,2025-08-06
Before We Leave,23000,5750,75%,2025-08-06
바람의 크로노아 1&2 모험의 시작,49800,14800,70%,2025-08-06
Cooking Tycoons: 3 in 1 번들,16200,1000,94%,2025-08-06
Firegirl: Hack 'n Splash Rescue DX,18500,2770,85%,2025-08-06
Sudocats,3400,1000,71%,2025-08-06
Arise: A Simple Story - Definitive Edition (데피니티브 에디션),23000,3450,85%,2025-08-06
PAC-MAN MUSEUM+,24800,12800,48%,2025-08-06
호기휴 with 프렌즈（HORGIHUGH with Friends）,22000,6600,70%,2025-08-06
War Mines Collection,4700,1000,79%,2025-08-06
Zombie Army 4: Dead War,59800,11960,80%,2025-08-06
CHRONO CROSS: THE RADICAL DREAMERS EDITION,24800,9920,60%,2025-08-06
MAGLAM LORD/매그램 로드,64800,32400,50%,2025-08-06
BIOHAZARD 5,23800,11900,50%,2025-08-06
Jump King,20000,10000,50%,2025-08-06
Lacuna,22000,2200,90%,2025-08-06
로맨싱 사가 2,49800,14940,70%,2025-08-06
Grand Theft Auto: 트릴로지 – 데피니티브 에디션,65000,26000,60%,2025-08-06
X-Force Genesis,12000,1000,92%,2025-08-06
리듬 피트니스 HOME FiT,58000,29000,50%,2025-08-06
Funny Farm - 어린이와 유아를 위한 재미있는 농장 동물 직소 퍼즐 게임,17500,8750,50%,2025-08-06
드래곤 블레이즈 for Nintendo Switch(Dragon Blaze for Nintendo Switch),8800,4400,50%,2025-08-06
Wolfenstein®: Youngblood™,21900,5470,75%,2025-08-06
건버드 for Nintendo Switch(GUNBIRD for Nintendo Switch),8800,4400,50%,2025-08-06
Discolored 디스컬러드,11250,2750,76%,2025-08-06
She Sees Red - Interactive Movie,9900,1980,80%,2025-08-06
건물도 감정이 있어요! (Buildings Have Feelings Too!),20500,2050,90%,2025-08-06
언리얼 라이프 (UNREAL LIFE),24000,9600,60%,2025-08-06
식물 vs. 좀비™: 네이버빌의 대난투 컴플리트 에디션,47000,10340,78%,2025-08-06
다리우스 버스트ACEX+ （DARIUSBURST ANOTHER CHRONICLE EX+）,39800,15920,60%,2025-08-06
Ghosts 'n Goblins Resurrection,35800,11810,67%,2025-08-06
Just Shapes & Beats,20500,12300,40%,2025-08-06
UNO,11000,4500,59%,2025-08-06
Immortals Fenyx Rising,47000,9500,80%,2025-08-06
The Survivalists,29600,2960,90%,2025-08-06
The Sinking City,59800,4780,92%,2025-08-06
MODEL Debut #nicola/모델 데뷔 니콜라,54800,21920,60%,2025-08-06
무쌍OROCHI3 Ultimate,64800,32400,50%,2025-08-06
목장이야기 다시 만난 미네랄 타운의 친구들,59800,17940,70%,2025-08-06
칼라드리우스 블레이즈 (Caladrius Blaze),25000,3750,85%,2025-08-06
킬라킬 더 게임 -IF-,64800,6480,90%,2025-08-06
루루아의 아틀리에 ～알란드의 연금술사4～,64800,21380,67%,2025-08-06
네르케와 전설의 연금술사들 ~새로운 대지의 아틀리에~,64800,16200,75%,2025-08-06
칼리굴라 오버도즈,54800,13700,75%,2025-08-06
아스테릭스 ＆ 오벨릭스 XXL 2,35000,3500,90%,2025-08-06
GRIP : COMBAT RACING (그립 : 컴뱃 레이싱),42000,6300,85%,2025-08-06
Mega Man Legacy Collection 2,24800,7440,70%,2025-08-06
블레이블루 크로스 태그 배틀,39800,7960,80%,2025-08-06
와일드 건즈 리로디드,39000,15600,60%,2025-08-06
Discounty: 크레이지 마트,22800,18240,20%,2025-08-06
GOST of Time,11800,9440,20%,2025-08-06
헨타이 열정 퍼즐 (Passion Puzzle: Hentai Maidens!),19990,15990,20%,2025-08-06
MOTTAINAI GHOST,11320,10180,10%,2025-08-06
Astral Takers,22680,20410,10%,2025-08-06
A Dream About Parking Lots,7000,5600,20%,2025-08-06
Sugoi Girls: Firefighter Love,9000,2990,67%,2025-08-06
Yosei Wars,4990,3490,30%,2025-08-06
Maiden Cops,18500,16650,10%,2025-08-06
ION Shift 이온 이동,8300,6640,20%,2025-08-06
The Wizard of Bug,14500,11600,20%,2025-08-06
글자 찾기！,3900,2900,26%,2025-08-06
THE EXIT: LIMINAL SUPERMARKET HORROR,10990,6930,37%,2025-08-06
Formula Racing GP: Apex Overtaking,20590,13790,33%,2025-08-06
Yabai Girls: Elegant Egyptian,9000,2990,67%,2025-08-06
나의 동물병원: 반려동물 의사의 하루하루,23900,9900,59%,2025-08-06
Waffle Kitty,8100,1990,75%,2025-08-06
Strike Mission,12000,7200,40%,2025-08-06
Giant Flee,8600,4300,50%,2025-08-06
Hyperdimension Neptunia Re;Birth1,49000,43900,10%,2025-08-06
Secret Paws - Cozy Offices,6000,4800,20%,2025-08-06
보물 탐험대,3900,2900,26%,2025-08-06
Neon Noodles,20000,16000,20%,2025-08-06
Collectible Cars Shop Simulator,18900,9990,47%,2025-08-06
물고기 어디 있지?,3900,2900,26%,2025-08-06
Sugoi Girls: Pretty Patriot,9000,2990,67%,2025-08-06
Yabai Girls: Saucy Police,9000,2990,67%,2025-08-06
Oirbo,21900,17520,20%,2025-08-06
SUSHI vs BURGER Race,12000,9000,25%,2025-08-06
Vessels of Decay,20500,16400,20%,2025-08-06
Om Nom: Run 2,7150,2860,60%,2025-08-06
REAL ESTATE Simulator - FROM BUM TO MILLIONAIRE,16990,2990,82%,2025-08-06
House Renovator Simulator,10990,2990,73%,2025-08-06
Bodycam Stray Kitty,17870,4100,77%,2025-08-06
ONLY Sky Parkour: Island UP!,10900,2700,75%,2025-08-06
ESCAPE TUNG SAHUR BACKROOMS,10900,2700,75%,2025-08-06
버블 트러블 3(Bubble Trouble 3),6830,4430,35%,2025-08-06
버블 트러블 2: 리버블(Bubble Trouble 2: Rebubbled),6830,4430,35%,2025-08-06
버블 트러블(Bubble Trouble),6830,4430,35%,2025-08-06
Death Kid,12000,4800,60%,2025-08-06
Supermarket Anime Collector's Simulator,9490,2700,72%,2025-08-06
Prison Alone,13800,11040,20%,2025-08-06
우주 고양이 퍼즐,8350,1990,76%,2025-08-06
Puff Up,7150,1750,76%,2025-08-06
Horrorillo Brainrotillo,13900,6950,50%,2025-08-06
Ashwood Valley,15500,2990,81%,2025-08-06
Hidden Cat Outlaws,3900,2600,33%,2025-08-06
Super Waifu Ball,8000,5600,30%,2025-08-06
Bunny Cubed,5000,3500,30%,2025-08-06
뇌 훈련! 실수 찾기 테스트,8900,4450,50%,2025-08-06
Suikoden I&II HD Remaster for Nintendo Switch 2 Gate Rune and Dunan Unification Wars,53300,42640,20%,2025-08-06
SUPERSHOT: Valley Warfare Defense,5490,2700,51%,2025-08-06
Adrenaline Rush - Miami Drive 아드레날린 러시: 마이애미 드라이브,2000,1000,50%,2025-08-06
UDO：미확인 드릴체,19800,14800,25%,2025-08-06
버블 트러블: 모험(Bubble Trouble: Adventures),7000,4550,35%,2025-08-06
잼잼(Jamjam),7000,4550,35%,2025-08-06
Starlight Legacy,15000,11250,25%,2025-08-06
Nice Day for Fishing,22500,18000,20%,2025-08-06
Welcome to Empyreum,21500,16340,24%,2025-08-06
Ramen! Road to Mastery,7000,5000,29%,2025-08-06
Pinball Spire,16000,12800,20%,2025-08-06
The Operator,15500,10850,30%,2025-08-06
Hannah's Day,11500,9770,15%,2025-08-06
스트라이크 포스 키티 (Strike Force Kitty),8000,4000,50%,2025-08-06
알더의 피: 데피니티브 에디션 (Alder's Blood: Definitive Edition),32000,16000,50%,2025-08-06
Thief Snatch & Run,3490,1000,71%,2025-08-06
Master Spy,15990,7990,50%,2025-08-06
Our Exciting Summer Camp,14500,10000,31%,2025-08-06
StreamLove Voyage,13500,9450,30%,2025-08-06
Quick Golf 퀵 골프,4250,1500,65%,2025-08-06
Skydiving Simulator: Wingsuit Flight,11590,2990,74%,2025-08-06
Chaos Galaxy 2,23000,18400,20%,2025-08-06
Trash is Fun,5600,3920,30%,2025-08-06
Madagascar: Zoo Animals Adventures - 마다가스카르: 동물원 동물 모험,5640,2700,52%,2025-08-06
컨트리볼 게임,6000,3000,50%,2025-08-06
Squirrel Madness,11990,2990,75%,2025-08-06
Urban Showdown,3400,1000,71%,2025-08-06
Sprint for Survival,3400,1000,71%,2025-08-06
Hotel Business Simulator,14590,2990,80%,2025-08-06
EARTH SAVER,9000,6300,30%,2025-08-06
Aooni The Horror of Blueberry Onsen,14000,9800,30%,2025-08-06
Sunderfolk,55000,44000,20%,2025-08-06
ESCAPE BACKROOMS: DARKNESS HORROR-방탈출: 어둠의 공포,7280,2700,63%,2025-08-06
"Sakura, The Jirai-kei Magical Girl",10180,8140,20%,2025-08-06
The Hundred Line -Last Defense Academy- Digital Deluxe Edition,83760,75380,10%,2025-08-06
Cozy Stitch Puzzle,10250,1990,81%,2025-08-06
LunarLux,21500,17200,20%,2025-08-06
Moving Houses,18000,12600,30%,2025-08-06
Vinebound: Tangled Together,6900,4800,30%,2025-08-06
Attack Hole,7150,2250,69%,2025-08-06
Leila,14490,9690,33%,2025-08-06
Cats Defense Robots: Meow Legends-고양이 방어 로봇: 야옹 전설,10900,2700,75%,2025-08-06
Project Starship,5000,3000,40%,2025-08-06
Secrets In Green,5000,3250,35%,2025-08-06
Pilo and the Holobook,18850,4990,74%,2025-08-06
퀴즈! 세계의 고양이 속담,3900,1950,50%,2025-08-06
MasterChef: Learn to Cook!,17150,5700,67%,2025-08-06
PROGRESS ORDERS,27090,18960,30%,2025-08-06
네코 베이커리,10100,1990,80%,2025-08-06
Highway Bikers: Moto Racing Simulator - 하이웨이 바이커: 모토 레이싱 시뮬레이터,9990,2700,73%,2025-08-06
배고픈 브레인 퀴즈,3900,1950,50%,2025-08-06
조니 트리거,7150,2860,60%,2025-08-06
SaGa Frontier 2 Remastered,39800,29850,25%,2025-08-06
케어베어: 풀려라~ 마법!,42000,29400,30%,2025-08-06
항공기 비행 시뮬레이터: 전투 구역 ( Airplane Flight Simulator : Combat Zone ),29000,3900,87%,2025-08-06
Anime Girls: Clever Clover,9000,2990,67%,2025-08-06
"Survival Zone: Craft, Build & Grow - 생존 구역: 제작, 건설 및 성장",12990,2700,79%,2025-08-06
Car Dealership Business Simulator - 자동차 딜러십 사업 시뮬레이터,15990,4100,74%,2025-08-06
Cozy Land,10000,1990,80%,2025-08-06
Hentai Girls: Sexy Sakura,9000,2990,67%,2025-08-06
Fast Food 2025 Simulator,11990,2990,75%,2025-08-06
Book Supermarket: Library Manager Simulator - 도서 슈퍼마켓: 도서관 관리자 시뮬레이터,7990,2700,66%,2025-08-06
Anime Girls: JDM Car Passion Puzzle - 애니메이션 소녀: JDM 자동차 열정 퍼즐,12690,2700,79%,2025-08-06
Forest Ranger Life Simulator,12990,2990,77%,2025-08-06
Wine Factory Simulator,14990,2990,80%,2025-08-06
The Hungry Lamb,17140,13710,20%,2025-08-06
Trap Yuri Garden,16500,11050,33%,2025-08-06
Tinkertown,21500,10750,50%,2025-08-06
Anime Waifu Simulator: Sakura Garden - 애니메이션 와이푸 시뮬레이터: 사쿠라 정원,19990,4100,79%,2025-08-06
게임 및 콘솔 슈퍼마켓: 비즈니스 시뮬레이터 - Game & Console Supermarket: Business Simulator,9990,2700,73%,2025-08-06
언박싱: 코지 홈 시뮬레이터 - Unboxing: Cozy Home Simulator,11990,2700,77%,2025-08-06
좀비 격리: 블랙아웃 생존 - Zombie Quarantine: Blackout Survival,13990,2700,81%,2025-08-06
Suikoden I&II HD Remaster Gate Rune and Dunan Unification Wars,53300,42640,20%,2025-08-06
풋건: 언더그라운드 (Footgun: Underground),30000,18000,40%,2025-08-06
8 인 너 Plus,3400,2720,20%,2025-08-06
Little Paws: Kitty Cat Simulator - 작은 발 키티 고양이 시뮬레이터,19520,4100,79%,2025-08-06
Backrooms: Exit from Supermarket Horror - 백룸,11490,2700,77%,2025-08-06
Vertical Kingdom,21500,17200,20%,2025-08-06
GINSEI IGO: AI Teaches You How to Play Go,54800,43840,20%,2025-08-06
Valentine's Venture: True Love Odyssey - 발렌타인 데이 어드벤처：진정한 사랑의 오디세이,12990,2700,79%,2025-08-06
Christmas Store: Santa's Supermarket Simulator,9990,2700,73%,2025-08-06
Hentai Girls: Marvelous Magician,9000,2990,67%,2025-08-06
Build Lands,5700,2850,50%,2025-08-06
Moe Waifu H Fantasy,6000,3000,50%,2025-08-06
Discolored 2 디스컬러드 2,21500,15050,30%,2025-08-06
Godzilla Voxel Wars,16500,13200,20%,2025-08-06
스피드웨이 레전드: 오버드라이브 레이싱 - Speedway Legends: Overdrive Racing,17990,2700,85%,2025-08-06
Jump 너 Plus +,3400,2720,20%,2025-08-06
Super Jagger Bomb 2: Go East,6000,3000,50%,2025-08-06
Shieldwall,26000,20800,20%,2025-08-06
Amber Isle,34000,22780,33%,2025-08-06
Echoes of the Plum Grove,21500,17200,20%,2025-08-06
Car Detailing & Wash Simulator : Luxury Car Cleaner,11990,2990,75%,2025-08-06
Space CleanUp: Cosmic Robot Disinfector,11990,2990,75%,2025-08-06
Santa's Christmas Gift Quest - 산타의 크리스마스 선물 퀘스트,6990,2700,61%,2025-08-06
The Coma 2B: Catacomb,16500,11550,30%,2025-08-06
야옹 미션（Meow Mission）,4900,2940,40%,2025-08-06
Accolade Sports Collection (QUByte Classics),26350,18440,30%,2025-08-06
Heist Simulator 2025,14990,2990,80%,2025-08-06
너 게임 Plus +,3400,2720,20%,2025-08-06
Car Wash Tycoon Business Simulator,11990,2990,75%,2025-08-06
Whittingham Asylum: The Investigation,6990,2990,57%,2025-08-06
Hentai Girls: Pissy Pirate,9000,2990,67%,2025-08-06
길티기어 -스트라이브- Nintendo Switch Edition,59400,39200,34%,2025-08-06
Sugoi Girls: Tribal Crush,9000,2990,67%,2025-08-06
Overdungeon,16500,8250,50%,2025-08-06
Star Trek: Legends,17170,5700,67%,2025-08-06
The Legend of Cyber Cowboy,5000,2500,50%,2025-08-06
Anime Girls: Natty New Year,9000,2990,67%,2025-08-06
산타의 모험: 크리스마스 선물 러시 - Santa's Adventure: Christmas Gifts Rush,13990,2700,81%,2025-08-06
Christmas Tree: Holiday Decorate Simulator - 크리스마스 트리: 크리스마스 장식 시뮬레이터,12990,2700,79%,2025-08-06
Leo's Fortune,9900,3960,60%,2025-08-06
Hentai Girls: Sweet Skier,9000,2490,72%,2025-08-06
Basketball Legends 24,13990,2990,79%,2025-08-06
The Escape Room Chronicles ep4:The 24-Hour TV Station,6700,4420,34%,2025-08-06
스카이 다이빙: 낙하산 비행 시뮬레이터 - Sky Diving: Parachute Flight Simulator,12990,2700,79%,2025-08-06
7Days Heroes(세븐 데이즈 히어로즈),20000,10000,50%,2025-08-06
The Escape Room Chronicles ep3:The Southern Resort,6700,4420,34%,2025-08-06
항공기 비행 시뮬레이터: 위험한 착륙 (Airplane Flight Simulator : Dangerous Landings),25000,3900,84%,2025-08-06
유적 탐색자（Artifact Seeker）,12000,3000,75%,2025-08-06
Tri Breaker: A Sacred Symbols Odyssey,13920,8000,43%,2025-08-06
Maki: Paw of Fury,15200,3990,74%,2025-08-06
Meow Moments: Celebrating Renewal & Romance,3900,2730,30%,2025-08-06
Paw Paw Destiny,14800,11540,22%,2025-08-06
Funko Fusion,44800,26880,40%,2025-08-06
올스타 슈퍼마켓 시뮬레이터 - All-Star Supermarket Simulator: Vinyl Vibes,6490,2700,58%,2025-08-06
더 이상 눈이 내리지 않습니다 (No More Snow),11160,5580,50%,2025-08-06
슈퍼마켓 시뮬레이터 - Cat MeowMart: Supermarket Simulator,11990,2700,77%,2025-08-06
Pick My Heart Chapter 1,17900,1990,89%,2025-08-06
FANTASIAN Neo Dimension,59800,38870,35%,2025-08-06
도쿄의 무녀: 생존자,12900,6990,46%,2025-08-06
Death Elevator,13800,6900,50%,2025-08-06
Sugoi Girls: Sassy Heroine,9000,2490,72%,2025-08-06
타이토 마일스톤 3,49000,34300,30%,2025-08-06
IRONFALL Invasion,21800,13080,40%,2025-08-06
Critter Café,20900,7110,66%,2025-08-06
G.I. JOE: WRATH OF COBRA,27000,18900,30%,2025-08-06
심연: 백룸 풀의 공포 - ABYSS: BACKROOMS POOLS HORROR,6600,2700,59%,2025-08-06
Hentai Girls: Otaku Love,9000,2490,72%,2025-08-06
Flight Attendant Simulator: Onboard Tasks,13990,2990,79%,2025-08-06
타임워커：다크 월드（Time Walker: Dark World）,9500,6650,30%,2025-08-06
Life is Strange: Double Exposure,59800,29900,50%,2025-08-06
Heretic's Fork,10500,7870,25%,2025-08-06
Racing Champions,6900,2360,66%,2025-08-06
계단 공포 SCP-087 THE STAIRWELL HORROR,6690,2700,60%,2025-08-06
Anime Girls: Graceful Goddess,9000,2490,72%,2025-08-06
Platform 9 - NO WAY OUT,8990,2990,67%,2025-08-06
Meowsterpiece Museum,3900,1950,50%,2025-08-06
49 Keys,11000,8800,20%,2025-08-06
Slam and Roll,16500,3300,80%,2025-08-06
Bunny Zoo - Animal Battle Royale,11990,1000,92%,2025-08-06
땅요정 탐험회사,24500,12740,48%,2025-08-06
Angel at Dusk,16500,11050,33%,2025-08-06
The Alchemist of Ars Magna,77000,50000,35%,2025-08-06
파마기아 (FARMAGIA),54800,27400,50%,2025-08-06
릴 피싱 데이즈 오브 서머,42800,29960,30%,2025-08-06
Magic Cats Pots,13350,1990,85%,2025-08-06
Skater's Solstice,5000,2500,50%,2025-08-06
Hentai Girls: Winky Witch,9000,2490,72%,2025-08-06
로피 칠 세션 릴렉스 아일랜드 - Lofi Chill Sessions: Relax Island,14990,4100,73%,2025-08-06
Moe Waifu H - BlockBlast,6000,3600,40%,2025-08-06
Fantasy Friends: Dream Worlds,41590,14550,65%,2025-08-06
쉬운 귀여운 청소 레슨,8900,4450,50%,2025-08-06
Secrets of Magic 2 - Witches & Wizards,14990,7490,50%,2025-08-06
Amelia's Garden,13200,1990,85%,2025-08-06
StormEdge,16000,12000,25%,2025-08-06
Son of a Gun,13400,4990,63%,2025-08-06
Casual Sport Series: Hockey (캐주얼 스포츠 시리즈: 하키),7990,3980,50%,2025-08-06
Season Match 3: Curse of the Witch Crow,14990,7490,50%,2025-08-06
Formula Racing: Grand Prix League - 포뮬러 레이싱: 그랑프리 리그,24990,4100,84%,2025-08-06
Anime Puzzle Quest: The Magical Girls Adventure - 애니메이션 퍼즐 퀘스트: 마법소녀 모험,19990,2700,86%,2025-08-06
Heavy Hand: Pixel Tree Forest Fury - 헤비 핸드: 픽셀 트리 포레스트 퓨리,16990,2700,84%,2025-08-06
"Highway Legends: Traffic Speed Racer - 
고속도로 전설 교통 속도 경주자",12990,2700,79%,2025-08-06
Anime Girls: Natty Nurse,9000,2490,72%,2025-08-06
Restaurant Cooking Simulator,8990,2450,73%,2025-08-06
Ricky Recharge,6800,2700,60%,2025-08-06
Bloomtown: A Different Story,27000,13500,50%,2025-08-06
무지개 내리는 바다,20020,14010,30%,2025-08-06
Loddlenaut,20900,9400,55%,2025-08-06
Hot&Hentai,16050,1990,88%,2025-08-06
Hentai Girls: Crazy Cowgirl,9000,2490,72%,2025-08-06
Between Horizons,17500,3500,80%,2025-08-06
키로커 | 턴제 사이버펑크 액션 (Keylocker | Turn Based Cyberpunk Action),27630,19340,30%,2025-08-06
Road Defense: Outsiders,6580,4600,30%,2025-08-06
Sugoi Girls: Mighty Mecha,9000,2490,72%,2025-08-06
Rugrats: Adventures in Gameland,21500,12900,40%,2025-08-06
Warzone Chronicles 2: Warfare Shooter Zombie,13990,2790,80%,2025-08-06
Line Time,6300,4090,35%,2025-08-06
Kiki - A Vibrant 3D Platformer,6000,3000,50%,2025-08-06
레나티스,74800,37400,50%,2025-08-06
Wild Bastards,47900,14370,70%,2025-08-06
FlipBook,8100,1990,75%,2025-08-06
Risk of Rain 2,29000,7250,75%,2025-08-06
Leo: The Firefighter Cat,34400,12040,65%,2025-08-06
군단의 돌격: 현대 전술,19900,9950,50%,2025-08-06
Nour: Play With Your Food,10000,6000,40%,2025-08-06
Purrfect Rescue,3990,1000,75%,2025-08-06
Voltaire: The Vegan Vampire,21500,18280,15%,2025-08-06
Ruthless Carnage Hotline,10990,2990,73%,2025-08-06
SURVIVOR HEROES,6990,2990,57%,2025-08-06
闇の仕事人KAGE　Shadow of the Ninja　어둠의 해결사 KAGE 섀도우 오브 더 닌자　Deluxe Pack,37940,28450,25%,2025-08-06
闇の仕事人KAGE　Shadow of the Ninja　어둠의 해결사 KAGE 섀도우 오브 더 닌자,34800,26100,25%,2025-08-06
쿠킹,16650,1990,88%,2025-08-06
Lost in Heart of Chernobyl - Survival,14000,2990,79%,2025-08-06
반지 조각가 (Ring Sculptors),19990,9990,50%,2025-08-06
Verne - The Shape of Fantasy,16500,4120,75%,2025-08-06
Hentai Girls: Paris Romance,9000,2490,72%,2025-08-06
메이드 오브 더 데드,24800,14880,40%,2025-08-06
Shadowblade Knight Symphony,13990,2990,79%,2025-08-06
Pixel Retro Drift - Arcade Car Racing,11990,2990,75%,2025-08-06
Arco,21500,15050,30%,2025-08-06
D.C.K.: Dock Chess King,6990,2790,60%,2025-08-06
Phantom Spark,27540,13770,50%,2025-08-06
Moai VI: Unexpected Guests,25390,12690,50%,2025-08-06
World War II - Airplanes Battle,16700,2990,82%,2025-08-06
Boom Robots,6900,2360,66%,2025-08-06
Cup Killer - Sandbox Game,9990,2990,70%,2025-08-06
Cat Quest III,22800,13680,40%,2025-08-06
DarkStar One – Nintendo Switch™ Edition,37800,30240,20%,2025-08-06
색칠하며 놀아요 수족관,9800,1960,80%,2025-08-06
Yatsumeguri,4100,2870,30%,2025-08-06
색칠하며 놀아요 공룡 박물관,9800,1960,80%,2025-08-06
Hentai Academy,15240,1000,93%,2025-08-06
Golf VS Zombies,12000,4800,60%,2025-08-06
Anime Girls: Lady Liberty,9000,2490,72%,2025-08-06
핏 마이 도그,9640,1990,79%,2025-08-06
백일몽: 잊힌 슬픔 (Daydream: Forgotten Sorrow),20500,15370,25%,2025-08-06
닌자슬레이어: 네오사이타마의 불길(NINJA SLAYER NEO-SAITAMA IN FLAMES),25000,17500,30%,2025-08-06
CONSCRIPT,23000,11500,50%,2025-08-06
연료 공급 (Fueled Up),27740,13870,50%,2025-08-06
"어디서 많이 본 그 게임을 막대 인간으로 진짜 만들어 봤는데, 과연 당신이 클리어할 수 있을까? 2",11000,7700,30%,2025-08-06
Throw it! Dinosaur Panic,5300,4240,20%,2025-08-06
Hentai Girls: Summer Sweetie,9000,2490,72%,2025-08-06
RPM - Road Punk Mayhem,8000,3200,60%,2025-08-06
뇌를 단련한다! 물고기사진다른부분 찾기,3900,1950,50%,2025-08-06
《보우:월하의 청연 / Bō: Path of the Teal Lotus》DIGITAL DELUXE EDITION,36000,23400,35%,2025-08-06
Hot Lap Racing,47600,16660,65%,2025-08-06
Zombie Harvest: Survival Farming Simulator,14000,2990,79%,2025-08-06
Sugoi Girls: Kinky Knight,9000,2490,72%,2025-08-06
Busway Islands - Puzzle,6580,3290,50%,2025-08-06
Project Drift Japan Challenge,9990,2490,75%,2025-08-06
VACUUM BALL,6990,2790,60%,2025-08-06
Muv-Luv Alternative Remastered,42800,29960,30%,2025-08-06
Muv-Luv Remastered,32800,22960,30%,2025-08-06
Grandma Cleaning Simulator - Family Business Tycoon,16700,2990,82%,2025-08-06
Editor's Hell - Newspaper Story,13990,2790,80%,2025-08-06
Highway Zombie Survival - Car Apocalypse,13990,2790,80%,2025-08-06
선택해서 쉬운 숫자 IQ 퀴즈,8900,4450,50%,2025-08-06
두뇌 트레이닝!! 숫자 찾기,3900,1950,50%,2025-08-06
Offroad Masters: Motocross Races,5490,2190,60%,2025-08-06
코치 버스 운전 시뮬레이터 (Coach Bus Driving Simulator),33000,4500,86%,2025-08-06
34 Sports Games - World Edition,40910,14310,65%,2025-08-06
Greed 3: Old Enemies Returning,19990,14990,25%,2025-08-06
Hentai Girls: Cat Cutie,9000,1990,78%,2025-08-06
러브 엘리시움: 여신의 비밀,27300,1990,93%,2025-08-06
Monolith,16500,8250,50%,2025-08-06
Railway Islands 2 (철도 섬 2),6200,4340,30%,2025-08-06
VALIS: The Fantasm Soldier II (MSX2),18700,9350,50%,2025-08-06
VALIS III (MEGA DRIVE),18700,9350,50%,2025-08-06
SUPER VALIS IV,18700,9350,50%,2025-08-06
VALIS: The Fantasm Soldier (Family Computer),18700,9350,50%,2025-08-06
VALIS: The Fantasm Soldier (PC-88),18700,9350,50%,2025-08-06
Heave Ho,11000,4400,60%,2025-08-06
스도쿠 클래식,6700,4690,30%,2025-08-06
"Animal Farm Jigsaw Games for Toddlers, Babies and Kids",13460,6730,50%,2025-08-06
"Early Learning Games for Kids, Toddlers & Babies",13460,6730,50%,2025-08-06
Hentai 데이팅 스토리즈: 브라질,13640,1990,85%,2025-08-06
Gran Carismo,8200,1640,80%,2025-08-06
Jelly Battle,3900,1000,74%,2025-08-06
Eternal Threads,21900,4380,80%,2025-08-06
네크로바운서 (NecroBouncer),15000,11250,25%,2025-08-06
Electronics Puzzle Lab,5000,2500,50%,2025-08-06
Helicopter Battle Arena Simulator,16590,2990,82%,2025-08-06
50 Pinch Barrage!!,5600,3860,31%,2025-08-06
Highlaundry Overwashed - Play with your friends!,10990,2790,75%,2025-08-06
Ultra Foodmess 2,6900,4140,40%,2025-08-06
Doug's Nightmare,6000,1980,67%,2025-08-06
C.A.R.D.S. RPG: The Misty Battlefield,42000,16800,60%,2025-08-06
네모난 지구에 또다시 적이 나타났다고!? 디지복셀 지구방위군 2,66000,39600,40%,2025-08-06
Lorelei and the Laser Eyes,29500,22120,25%,2025-08-06
Treasure Guardian: Collector Shift Defender's Saga,17990,2990,83%,2025-08-06
트럭 시뮬레이터 시티 딜리버리 (Truck Simulator City Delivery),21000,3900,81%,2025-08-06
Hentai Girls: Idol Romance,9000,1990,78%,2025-08-06
Toon Toon Racing,13990,3490,75%,2025-08-06
Express Courier Pro: Urban Bike Delivery Simulator 2024!,13990,2790,80%,2025-08-06
Monster Outbreak,16500,5440,67%,2025-08-06
Please Fix The Road,13500,4700,65%,2025-08-06
이상한 것을 찾아!,3900,1950,50%,2025-08-06
UNDEMON (언데몬),18900,1890,90%,2025-08-06
Culinary Cooking Master Simulator,17690,2990,83%,2025-08-06
Yacht Haven Tycoon: Marina Port Parking Simulator,16590,2990,82%,2025-08-06
뇌를 단련하자!강아지 사진에서 틀린부분 찾기,3900,1950,50%,2025-08-06
SaGa Emerald Beyond,59800,29900,50%,2025-08-06
Timberdoku,13500,5910,56%,2025-08-06
Vagante,15000,9750,35%,2025-08-06
Tales of Kenzera™: ZAU,24000,9600,60%,2025-08-06
"Ready, Steady, Ship!",18000,9000,50%,2025-08-06
Knight's Redemption: War for freedom,17990,2990,83%,2025-08-06
Hentai Girls: Steamy Maid,9000,1990,78%,2025-08-06
Dream Tactics,19500,13650,30%,2025-08-06
Cleaning Queens 2: Sparkling Palace,7900,2680,66%,2025-08-06
Stunt Scooter Simulator,16990,2990,82%,2025-08-06
WWII AIRPLANE FIGHT - Battle War Squad,17990,2990,83%,2025-08-06
Last Bloody Snack,13990,2790,80%,2025-08-06
Colony Defense - The Ultimate Minimalist Tower Base Defense Game,12890,6440,50%,2025-08-06
Open Roads,24000,14400,40%,2025-08-06
Go Kart Mania,13150,1000,92%,2025-08-06
"Coffee, Plis",13000,1000,92%,2025-08-06
3D Printer - PrintMaster Simulator,15990,2690,83%,2025-08-06
Restaurant Health Inspection Simulator: Sanitary Service,17990,2990,83%,2025-08-06
Hentai Girls: Sakura Romance,9000,1990,78%,2025-08-06
Crypt Stalker,9320,1990,79%,2025-08-06
Master Maker 3D Ultimate,5000,1750,65%,2025-08-06
Simple Number-Based Color Sense IQ Test,8900,4450,50%,2025-08-06
Monster Tribe,21500,17200,20%,2025-08-06
Ancient Weapon Holly,19500,9740,50%,2025-08-06
Gunsmith Workshop Simulator,15990,2990,81%,2025-08-06
Top Racer Collection,26350,18440,30%,2025-08-06
10 Seconds to Win!,5000,1750,65%,2025-08-06
Cricket Through the Ages,8900,3380,62%,2025-08-06
Matsukeke BURST!,6250,4370,30%,2025-08-06
OLLLO,10600,7420,30%,2025-08-06
타임 트랩: 숨겨진 개체,18000,9000,50%,2025-08-06
Hentai Girls: Sweet Doctor,9000,1990,78%,2025-08-06
THE BIKE - MOTO RIDE SIMULATOR,15990,2690,83%,2025-08-06
Quadroids,17000,3400,80%,2025-08-06
Borzoi Adventure,5700,1000,82%,2025-08-06
Cyber Taxi Simulator,17990,2790,84%,2025-08-06
HunterX: code name T,18500,9250,50%,2025-08-06
핏 마이 캣,13360,1990,85%,2025-08-06
Witch's Rhythm Puzzle,5600,3750,33%,2025-08-06
Galactic Wars: Defend Your Star Worlds,13990,2990,79%,2025-08-06
Special Forces Assault: Tactical Hostage Rainbow,16990,2990,82%,2025-08-06
MakOS new operating system,25990,2990,88%,2025-08-06
Forklift Simulator 2024,17000,2990,82%,2025-08-06
Space Extractor: Galactic Alien Insect Control Invasion,13990,2990,79%,2025-08-06
AVARIS3,45000,31500,30%,2025-08-06
버스 운전 시뮬레이터 24 - 도시 도로 (Bus Driving Simulator 24 - City Roads),33000,3900,88%,2025-08-06
Pigeon Sim - Bird Simulator,17000,2690,84%,2025-08-06
Sunset Racer,8000,1600,80%,2025-08-06
Hentai Girls: Hot Police,9000,1990,78%,2025-08-06
Zengeon,24000,3600,85%,2025-08-06
Brain Memory Training Academy,6490,2990,54%,2025-08-06
Anomaly Agent,18900,6610,65%,2025-08-06
구해주세요! 사신 짱 드롭킥（Rescue！DROPKICK ON MY DEVIL!!）,8900,4450,50%,2025-08-06
빠른 푸시! 3 힌트 퀴즈,8900,4450,50%,2025-08-06
Starward Rogue,16500,2400,85%,2025-08-06
언더 나이트 인버스 2 시스타셀레스,69800,34900,50%,2025-08-06
The Cub,19400,7760,60%,2025-08-06
Knights of Grayfang,18900,11340,40%,2025-08-06
야옹 매치,6490,1990,69%,2025-08-06
nDay,22110,1990,91%,2025-08-06
VALIS: The Fantasm Soldier Collection III,71190,35590,50%,2025-08-06
Chickenoidz Super Party,10800,2700,75%,2025-08-06
Reigns: Three Kingdoms,3400,2040,40%,2025-08-06
VasterClaws 3:Dragon slayer of the God world,26000,18200,30%,2025-08-06
Jinshin,18900,10390,45%,2025-08-06
The World of War II: Frontlines of History,18990,2990,84%,2025-08-06
SokoWinter,6500,3250,50%,2025-08-06
"The Gardener Simulator - Plant, Grow, Decorate, Build Sim",17990,2990,83%,2025-08-06
Hentai Girls: Pretty Christmas,9000,1990,78%,2025-08-06
Bike Courier: Bistro Express Delivery,15990,2990,81%,2025-08-06
Kumamon Run,6300,3150,50%,2025-08-06
Battlefront Trench Warriors: Ops of Warfare,15990,2990,81%,2025-08-06
Masarada Town Story,9000,5400,40%,2025-08-06
Hard Racing: Stunt Car Driving,6470,2580,60%,2025-08-06
Speed or Death,8800,2640,70%,2025-08-06
Fashion World,7750,1500,81%,2025-08-06
Three Minutes To Eight,16500,1650,90%,2025-08-06
Growth,11000,2200,80%,2025-08-06
Ravva and the Phantom Library,10000,3500,65%,2025-08-06
Battle Planet - Judgement Day,13000,5200,60%,2025-08-06
Raccoo Venture,20290,8110,60%,2025-08-06
Hammerwatch Anniversary Edition,25410,6350,75%,2025-08-06
Hammerwatch II,32150,8030,75%,2025-08-06
GRANADA,18700,9350,50%,2025-08-06
AVENGER,18700,9350,50%,2025-08-06
GAIARES,18700,9350,50%,2025-08-06
PSYCHIC STORM,18700,9350,50%,2025-08-06
개구쟁이 스머프: 컬러풀 스토리,16170,1990,88%,2025-08-06
Yukar From The Abyss,23500,11750,50%,2025-08-06
Make Way,17900,8950,50%,2025-08-06
SteamWorld Build,36900,14760,60%,2025-08-06
Golf With Your Friends,24900,8460,66%,2025-08-06
우쭈쭈 마이펫 - 골프 대시,27090,1990,93%,2025-08-06
The Traveler's Path,6000,1800,70%,2025-08-06
노라: 연금술사가 되려는 자,27090,1990,93%,2025-08-06
Worldless,23200,11600,50%,2025-08-06
Jet Ski Mania Aqua Rush,17990,2750,85%,2025-08-06
미스테리의 문,8900,4450,50%,2025-08-06
그리는 심리테스트,8900,4450,50%,2025-08-06
뇌를 단련하자! 냥이 사진에서 틀린부분 찾기,3900,1950,50%,2025-08-06
Find the Pairs Memo Game for Kids,11300,5650,50%,2025-08-06
기차 운전사 시뮬레이터 (Train Driver Simulator),26000,2600,90%,2025-08-06
트럭 시뮬레이터: 유럽 도로 (Truck Simulator: European Roads),26000,2900,89%,2025-08-06
Keep The Fire - Survival Simulator,12990,2870,78%,2025-08-06
도시의 고양이들 : Cats on Streets,4500,2250,50%,2025-08-06
KarmaZoo,11000,3300,70%,2025-08-06
ATV Monster Racing Simulator Rally Cross,19990,3090,85%,2025-08-06
하우 투 에스케이프(How 2 Escape),18520,7400,60%,2025-08-06
9 Years of Shadows,21500,13980,35%,2025-08-06
AAA PRO CLOCK 2023,13990,2990,79%,2025-08-06
Thirsty Suitors,36500,21900,40%,2025-08-06
My Little Car Wash,13000,6500,50%,2025-08-06
Alpha Particle,10000,2500,75%,2025-08-06
Headbangers: Rhythm Royale,22500,2250,90%,2025-08-06
Bang-On Balls: Chronicles,27000,9720,64%,2025-08-06
Blasphemous 2,34800,17400,50%,2025-08-06
"Car Flipper Simulator 2024 - Car Mechanic, Wash, Car Sale",19990,2990,85%,2025-08-06
Kraken Odyssey,21000,4200,80%,2025-08-06
XALADIA: Rise of the Space Pirates X2,19500,5850,70%,2025-08-06
The Love - Date Simulator with Girls,19990,2990,85%,2025-08-06
Alphadia I & II,21500,13970,35%,2025-08-06
불렛 로데오,16220,1990,88%,2025-08-06
Quake II,11000,4400,60%,2025-08-06
Halloween Games for Toddlers and Babies,11350,5670,50%,2025-08-06
Shy Cats Hidden Orchestra (수줍은 고양이 히든 오케스트라),6200,4340,30%,2025-08-06
무야호 럽코 해프닝,8900,4450,50%,2025-08-06
Diorama Dungeoncrawl - Master of the Living Castle,10000,3000,70%,2025-08-06
Fall of Porcupine,22000,5500,75%,2025-08-06
Detail Detective,4200,1000,76%,2025-08-06
Dungeons and Goblins,5300,1000,81%,2025-08-06
디플렉터,30350,1990,93%,2025-08-06
Paleo Pines,38400,13440,65%,2025-08-06
RoboDunk,19990,6990,65%,2025-08-06
Samurai - Japan Warrior Fighter,15790,1100,93%,2025-08-06
Telenet Shooting Collection,61450,30720,50%,2025-08-06
ALTF4,7400,4810,35%,2025-08-06
The Crisis Zone : 위기 지역,6000,2450,59%,2025-08-06
Alchemy Garden,15000,3000,80%,2025-08-06
HammerHelm,19000,5130,73%,2025-08-06
Solar Ash,49500,19800,60%,2025-08-06
Word Quest,4200,1000,76%,2025-08-06
Car Parking Simulator 2024,13490,1000,93%,2025-08-06
Raindrop Sprinters,11630,8140,30%,2025-08-06
배관 라인 퍼즐,3900,1950,50%,2025-08-06
Escape from Terror City,10000,3500,65%,2025-08-06
City of Beats,21500,5380,75%,2025-08-06
캣로드 (Catlord),19990,9990,50%,2025-08-06
Bus Simulator - City Driving Ultimate,18990,2990,84%,2025-08-06
4x4 Offroad Car Exploration,13490,1000,93%,2025-08-06
Kentucky Route Zero: TV Edition,29000,11600,60%,2025-08-06
Hidden Shapes: Cat Realm + Trick or Cats,6920,3460,50%,2025-08-06
Skateboard Drifting with Maxwell Cat: The Game Simulator,12990,2990,77%,2025-08-06
Island Cities (아일랜드 시티),3300,2310,30%,2025-08-06
Virgo Versus The Zodiac,23150,11570,50%,2025-08-06
Airplane Race Simulator - 2 Player Game,10990,2990,73%,2025-08-06
Rainbow Skies,23000,6900,70%,2025-08-06
Wizards Legacy - Nightmare Park Manager Simulator,12990,1000,92%,2025-08-06
Neon Blight,21500,5380,75%,2025-08-06
코아와 마라의 다섯 해적들,28700,18600,35%,2025-08-06
X-Force Under Attack,13000,1000,92%,2025-08-06
Flutter Away 플러터 어웨이,16500,9900,40%,2025-08-06
Hyper Torque Racing,8900,4450,50%,2025-08-06
Mega Ramp Moto - Dirt Bike Stunts Simulator,14990,1000,93%,2025-08-06
Raccoon Adventure: Animal City Simulator 3D Farm Super Deluxe Games,18990,2990,84%,2025-08-06
Luna & Monsters Tower Defense -The deprived magical kingdom-,12000,2400,80%,2025-08-06
World of Machines - Tanks War Operation,15990,2990,81%,2025-08-06
Everdream Valley,29800,9530,68%,2025-08-06
Witch's Pranks - Frog's Fortune,19990,13390,33%,2025-08-06
카와이 걸즈 시계,26000,1990,92%,2025-08-06
The Creepy Syndrome,6000,1500,75%,2025-08-06
Armored Lab Force VULVEHICLES,11000,5500,50%,2025-08-06
Chaos Galaxy,23000,9200,60%,2025-08-06
Super Box Delivery: Beyond the Horizon,6500,2360,64%,2025-08-06
세틀러: 새로운 동맹,47000,11000,77%,2025-08-06
Mundaun,24500,9800,60%,2025-08-06
Offroad Truck 4x4 Dirt Simulator - Rally Racing Game,12990,1000,92%,2025-08-06
Raging Bytes,18900,10390,45%,2025-08-06
"Farming Simulator - Farm, Tractor, Experience Logic Games Nintendo Switch™ Edition",9990,2840,72%,2025-08-06
Dr. Fetus' Mean Meat Machine,11000,2200,80%,2025-08-06
Truck Simulator - Heavy Cargo Driver 2023,11990,2990,75%,2025-08-06
nPiano,25180,1990,92%,2025-08-06
Ramp Car Racing,5490,1000,82%,2025-08-06
스카이 카라반,26360,1990,92%,2025-08-06
Nova Lands,21000,10500,50%,2025-08-06
The Last Hero of Nostalgaia 더 라스트 히어로 오브 노스탤가이아,31900,15950,50%,2025-08-06
Wolf Simulator: RPG Survival Animal Battle,13990,4490,68%,2025-08-06
자동차 드래그 레이싱 시뮬레이터 (Car Drag Racing Simulator),27000,2700,90%,2025-08-06
Anime Beauty Girl Puzzle - Love Game History Adventure,19990,2990,85%,2025-08-06
슬픔의 동굴,19750,1990,90%,2025-08-06
Brave Soldier - Invasion of Cyborgs,5000,1500,70%,2025-08-06
Summer Daze: Tilly's Tale,19000,1000,95%,2025-08-06
Eastern Euro Truck Simulator: Real Offroad Car Driving Game Sim 4x4 Mud,15990,2650,83%,2025-08-06
Fall of the New Age Collectors Edition,19990,13390,33%,2025-08-06
Talk to Strangers,6920,3460,50%,2025-08-06
도그고치: 가상 반려동물,17360,1990,89%,2025-08-06
Demon Sword: Incubus,15500,7750,50%,2025-08-06
Beat Them Up - Street Fight Band Simulator,6990,2990,57%,2025-08-06
경찰 시뮬레이터 2023 (Police Simulator 2023),27000,3900,86%,2025-08-06
세븐 호라이즌,17140,1990,88%,2025-08-06
LOOP8 루프 에이트,59800,11960,80%,2025-08-06
세계수의 미궁2 제왕의 성배 HD REMASTER,39800,15920,60%,2025-08-06
Maquette,24500,9800,60%,2025-08-06
Cop Police Escape Racing Zone Clash,10990,2990,73%,2025-08-06
Slasher - Sword RPG Impact Simulator,11990,4490,63%,2025-08-06
Hello Goodboy,16500,5440,67%,2025-08-06
NoEvidence - Scary Horror Quest Survival Story,9990,2990,70%,2025-08-06
Racing Drift Taxi Car Simulator Ultimate,13990,1110,92%,2025-08-06
To The Rescue!,21500,5380,75%,2025-08-06
RINA:RhythmERROR,4500,1000,78%,2025-08-06
Terracotta,21500,5380,75%,2025-08-06
Anime Sexy Girl Puzzle - Hentay Game History Adventure,19990,2990,85%,2025-08-06
Bio-Prototype,4500,1000,78%,2025-08-06
DobbyxEscape: Pirate Adventure,5500,1100,80%,2025-08-06
픽셀 페인트 2,15780,1990,87%,2025-08-06
광활한 미래를 위해,19850,1990,90%,2025-08-06
Zombo Buster Advance,4900,1000,80%,2025-08-06
Gekisou!Benza Race -Toilet Shooting Star-,17000,8500,50%,2025-08-06
Defoliation,16000,2000,88%,2025-08-06
Driving School Simulator,19000,2800,85%,2025-08-06
VALIS: The Fantasm Soldier (MSX),18700,9350,50%,2025-08-06
VALIS: The Fantasm Soldier (MEGA DRIVE),18700,9350,50%,2025-08-06
SYD OF VALIS,18700,9350,50%,2025-08-06
VALIS IV,18700,9350,50%,2025-08-06
Zombie Dead Smasher - World Simulator Kill Strike Gun Shooter 3D Poly Games 2023,12990,2990,77%,2025-08-06
어린이를 위한 피아노,23670,1990,92%,2025-08-06
더 컴패니언,26320,4990,81%,2025-08-06
Kingdom of Aurelia - Mystery of the Poisoned Dagger,19990,13390,33%,2025-08-06
Max Reckoning - A Criminal Thief Story With Shooter & Quest,15990,2990,81%,2025-08-06
Story of Abandoned School - Silent Escape Horror,14990,1000,93%,2025-08-06
나초카도,12980,1990,85%,2025-08-06
캐비지,19470,2990,85%,2025-08-06
ROCKMAN EXE ADVANCED COLLECTION Vol.1,48400,24200,50%,2025-08-06
ROCKMAN EXE ADVANCED COLLECTION Vol.2,48400,24200,50%,2025-08-06
Child Run - City Surfers Runner,6990,1100,84%,2025-08-06
We. The Revolution,21500,1300,94%,2025-08-06
Truck Simulator USA,26000,2600,90%,2025-08-06
Sokolor,6920,3460,50%,2025-08-06
The Innsmouth Case,16500,1650,90%,2025-08-06
Nightshade Ninja Warrior,3900,1000,74%,2025-08-06
Mystic Warriors Battleground,5000,1000,80%,2025-08-06
캣고치: 가상애완동물,17080,1990,88%,2025-08-06
Batora: Lost Haven,23400,7020,70%,2025-08-06
Volley Pals,8450,2950,65%,2025-08-06
Bounce Journey,4000,1000,75%,2025-08-06
Tormentor-Action Fire Counter Shooter Game 2023 Gun Strike Simulator,6990,2790,60%,2025-08-06
Madness Brutal Fighting - Mortal Fight Battle Attack Multiplayer,6800,2990,56%,2025-08-06
Birds and Blocks 2,7900,1000,87%,2025-08-06
Ultimate Anime Jigsaw Puzzle,6200,2170,65%,2025-08-06
Saga of Sins,27000,5400,80%,2025-08-06
Flame Keeper,13500,5400,60%,2025-08-06
From Shadows,5600,1000,82%,2025-08-06
우쭈쭈 마이펫,19660,1990,90%,2025-08-06
Omen of Sorrow,20000,7000,65%,2025-08-06
Big Pharma,32000,1500,95%,2025-08-06
orbit.industries,21500,3200,85%,2025-08-06
The Amazing American Circus,16500,1500,91%,2025-08-06
"Gangster Life:  Criminal Untold , Cars, Theft, Police",6990,1000,86%,2025-08-06
emoji Kart™ Racer,33390,16690,50%,2025-08-06
Help Will Come Tomorrow,21500,1000,95%,2025-08-06
Labyrinth Runner - Horror Escape  Survive Simulator,6800,2990,56%,2025-08-06
Rally Race Car Simulator Poly : World Driver Arcade Real Driving Games Sim,6990,2790,60%,2025-08-06
Figment 2: Creed Valley,25590,1990,92%,2025-08-06
Plan B from Outer Space: A Bavarian Odyssey,15000,1500,90%,2025-08-06
셜록 홈즈의 유언 (The Testament of Sherlock Holmes),32900,4930,85%,2025-08-06
Gunborg: Dark Matters,16000,2400,85%,2025-08-06
Rider Among Dead - Mad Zombie Killer Machine Survival,6800,2990,56%,2025-08-06
The Crackpet Show,21500,8600,60%,2025-08-06
Railway Islands - Puzzle,4500,2250,50%,2025-08-06
VALIS: The Fantasm Soldier Collection II,55800,27900,50%,2025-08-06
Super Toy Cars Offroad,30000,2000,93%,2025-08-06
Rytmos,15000,1500,90%,2025-08-06
스폰지밥 네모바지 : The Cosmic Shake,44800,30460,32%,2025-08-06
ATONE: Heart of the Elder Tree,16500,3300,80%,2025-08-06
Pizza Tycoon,16000,1600,90%,2025-08-06
Tyrant's Blessing,21500,5380,75%,2025-08-06
닥터 스마트 스페이스 어드벤처,18460,1990,89%,2025-08-06
Blanc　블랑,19230,9610,50%,2025-08-06
Air Jet Fighter Combat - Europe Fly Plane Attack,6170,1000,84%,2025-08-06
Alice in Wonderland - A jigsaw puzzle tale,6920,3460,50%,2025-08-06
Life is Strange 2,27800,11120,60%,2025-08-06
Foxy's Coin Hunt,3800,1000,74%,2025-08-06
OddBallers,22400,5500,75%,2025-08-06
DobbyxEscape: Spooky Adventure,5500,1100,80%,2025-08-06
Mars Base,21500,5380,75%,2025-08-06
Graze Counter GM,15500,6200,60%,2025-08-06
Memorrha,24990,9990,60%,2025-08-06
언더던전,18260,1990,89%,2025-08-06
Yeah！전투 소녀,19490,7790,60%,2025-08-06
Breakers Collection,19800,9900,50%,2025-08-06
Rush Rally Origins,17500,7000,60%,2025-08-06
Splatter - Zombiecalypse Now,9900,2480,75%,2025-08-06
Sunwards,19570,7820,60%,2025-08-06
픽셀가족의 즐거움,26390,1990,92%,2025-08-06
Dragon Fury,19990,5990,70%,2025-08-06
Infected run to Survive: Zombie Apocalypse Survival Story Shooter Dead Cry,6500,1000,85%,2025-08-06
Gravity Thrust,5550,1000,82%,2025-08-06
괴수 전쟁,21500,4300,80%,2025-08-06
A Maiden Astrologer Divines the Future,12400,6200,50%,2025-08-06
Crypto Mining Simulator - Ultimate Trading Strategy Tycoon Craft & Idle Game 3D,6990,2990,57%,2025-08-06
Fly Punch Boom!,14990,1000,93%,2025-08-06
Togges,20500,3070,85%,2025-08-06
Paper Cut Mansion,20500,3070,85%,2025-08-06
Street Drag Racing Car Driving Simulator 2022 Games,6990,5990,14%,2025-08-06
Warp Drive,32840,8210,75%,2025-08-06
Romancing SaGa -Minstrel Song- Remastered,29800,14900,50%,2025-08-06
The Knight Witch,22500,6750,70%,2025-08-06
프라이멀 라이트 (Primal Light),20490,10240,50%,2025-08-06
Football Battle,3400,1000,71%,2025-08-06
A Building Full of Cats,3400,1000,71%,2025-08-06
Ship of Fools,25200,10080,60%,2025-08-06
Finding Paradise,12500,8750,30%,2025-08-06
Wobbledogs,20900,7110,66%,2025-08-06
댓츠 카우,8540,1990,77%,2025-08-06
Ultimate ADOM - Caverns of Chaos,22000,2200,90%,2025-08-06
Super Chicken Jumper,6000,1800,70%,2025-08-06
The Awakening of Mummies,3400,1000,71%,2025-08-06
Dorfromantik,16000,12000,25%,2025-08-06
Orbital Bullet,20500,2050,90%,2025-08-06
AAA 시계 2,14290,1990,86%,2025-08-06
고양이 이야기,28470,1990,93%,2025-08-06
Dragon Prana,18900,9450,50%,2025-08-06
DARIUSBURST CS CORE + TAITO/SEGA Pack,31000,15500,50%,2025-08-06
진정한 영웅 (One True Hero),21590,10790,50%,2025-08-06
그녀가 원하는 나를 죽은,14370,1990,86%,2025-08-06
One More Island,21500,5380,75%,2025-08-06
BOT.vinnik Chess 2,3400,1000,71%,2025-08-06
사이진: 사이보그 닌자 (Cyjin: The Cyborg Ninja),13920,6960,50%,2025-08-06
Maze Blaze,13900,2780,80%,2025-08-06
RAILGRADE,32000,9600,70%,2025-08-06
Funtasia,16500,5440,67%,2025-08-06
Hokko Life,22500,5620,75%,2025-08-06
Jack Move,21000,7350,65%,2025-08-06
Animals Transport Simulator - Car Driving & Parking Games Real Zoo Park,6990,2990,57%,2025-08-06
우주의 스페이스 레이더,17470,1990,89%,2025-08-06
Project SNAQE,5000,1000,80%,2025-08-06
Into The Dark,19990,5990,70%,2025-08-06
Radical Rex (QUByte Classics),9000,4500,50%,2025-08-06
Croc's World,5300,1000,81%,2025-08-06
도망치기,26100,1990,92%,2025-08-06
앨리스 기어 아이기스 CS ~콘체르토 오브 시뮬라트릭스~ （alice gear aegisCS）,64800,32400,50%,2025-08-06
Hidden Shapes: Black Skull + Old West,4500,2250,50%,2025-08-06
Andro Dunos  2,25000,5000,80%,2025-08-06
Kid Ball Adventure,6000,1500,75%,2025-08-06
"Drift Horizon Racing, Driving & Parking Trial Simulator Games",32990,2990,91%,2025-08-06
Cursed to Golf,20500,3070,85%,2025-08-06
Cat Slide Tiles,4500,2250,50%,2025-08-06
Chameneon,4500,2250,50%,2025-08-06
Thymesia - Cloud Version,34800,10440,70%,2025-08-06
Move or Die: Unleashed,18890,5660,70%,2025-08-06
Book Quest,6000,1000,83%,2025-08-06
RPG 타임! ~라이트의 전설~（RPG Time: The Legend of Wright）,39400,9850,75%,2025-08-06
"Car Racing Highway Driving Simulator, real parking driver sim speed traffic deluxe 2022",6990,2990,57%,2025-08-06
Gigapocalypse,10500,2100,80%,2025-08-06
Hindsight,17500,8750,50%,2025-08-06
Ultimate 4x4 Offroad Trucks :Car Racing Driving Simulator 2022,33990,2700,92%,2025-08-06
fig.,5000,1000,80%,2025-08-06
Puzzletronics: Digital Infinite,4500,2250,50%,2025-08-06
Romeow: to the cracked Mars,3400,1000,71%,2025-08-06
Arsonist Heaven,5000,1000,80%,2025-08-06
Hot“Sento Girls”and love,11370,5680,50%,2025-08-06
Motorcycle Driving Simulator-Dirt & Parking 2022 Racing Games Ultimate 4x4 City Offroad Kart,24990,4150,83%,2025-08-06
Coromon,21500,10750,50%,2025-08-06
HunterX,15500,7750,50%,2025-08-06
Jessika,15000,1500,90%,2025-08-06
Devastator,8000,2000,75%,2025-08-06
모히토 캣,12950,1990,85%,2025-08-06
Faith & Shield :Tower Defense Space Wars Game 2022,12990,2590,80%,2025-08-06
Deadliest Catch - Ocean Boat Driving & Fishing 2022 Simulator,19990,2990,85%,2025-08-06
XEL,24000,2400,90%,2025-08-06
MODEL Debut 2 #nicola/모델 데뷔 2 니콜라,54800,21920,60%,2025-08-06
Firefighter:Car Fire Truck Sim Driving 2022 Simulator,19990,3990,80%,2025-08-06
Super Rebellion,7200,1000,86%,2025-08-06
JDM Drag Racing Car Driving Simulator 2022 Games,4990,2990,40%,2025-08-06
Black Wolf,3500,1000,71%,2025-08-06
Little Noah: Scion of Paradise,14800,4440,70%,2025-08-06
MONKEN CRUSHER,9900,4950,50%,2025-08-06
스티브 잭슨의 마법! (Steve Jackson's Sorcery!),29000,14500,50%,2025-08-06
Neon White,29000,14500,50%,2025-08-06
Cloud Gardens,17440,3480,80%,2025-08-06
Sokocat - Combo,4500,2250,50%,2025-08-06
Cool Animals,3600,1000,72%,2025-08-06
Super Perils of Baking,12780,2000,84%,2025-08-06
QUByte Classics: Jim Power: The Lost Dimension by PIKO,12000,6000,50%,2025-08-06
Ocean Animals Puzzle - 어린이 및 유아를 위한 동물 퍼즐과 유치원 바다 동물 퍼즐 교육 학습 게임,19300,9650,50%,2025-08-06
Pirates Jigsaw Puzzle - 해적 직소 퍼즐 교육 모험 학습 어린이 퍼즐 게임 어린이 및 유아,19000,9500,50%,2025-08-06
Pretty Girls Speed,6000,2400,60%,2025-08-06
엘레 메탈: 데스 메탈 데스 매치!,17490,1990,89%,2025-08-06
INDIGO7,50000,2000,96%,2025-08-06
Underland: The Climb,4500,2250,50%,2025-08-06
발룬 비행,7650,1990,74%,2025-08-06
Kao the Kangaroo,39000,9750,75%,2025-08-06
Blow & Fly,5000,1500,70%,2025-08-06
Rage Among the Stars,5000,1000,80%,2025-08-06
Source of Madness,20500,3070,85%,2025-08-06
열반,8490,1990,77%,2025-08-06
Raven's Hike,4500,2250,50%,2025-08-06
Panmorphia: Awakened,8500,1700,80%,2025-08-06
The Serpent Rogue,23000,4600,80%,2025-08-06
Jim's Adventure,4000,1000,75%,2025-08-06
Rail Trail,4000,1000,75%,2025-08-06
Princess and Fairytales Jigsaw Puzzles - 공주와 동화 유니콘 드래곤 나이트 직소 퍼즐 지능 트레이너 조기 학습 어린이 게임 소년 소녀,20000,10000,50%,2025-08-06
Funny Car Wash - 어린이와 유아를 위한 트럭 및 자동차 게임 액션 RPG 세차 차고,27300,13650,50%,2025-08-06
사가 스칼렛 그레이스: 진홍색 야망,54800,16440,70%,2025-08-06
클론 드론 인 더 덴져존,22800,5700,75%,2025-08-06
Anuchard,16500,5440,67%,2025-08-06
Ganryu 2 - Hakuma Kojiro,26000,5200,80%,2025-08-06
개구쟁이 스머프 - 미션 바일리프 (The Smurfs - Mission Vileaf),45000,9000,80%,2025-08-06
Animal Babies Puzzle - 최고 나무 동물 아기 퍼즐 유아용 동물 학습 어린이 유치원 퍼즐 아기 어린이 및 유아를위한 게임,18200,9100,50%,2025-08-06
Hidden Shapes: Animals + Lovely Cats,4500,2250,50%,2025-08-06
Cars Puzzles Game - 자동차 퍼즐 게임 재미있는 자동차 및 트럭 모터 차고 퍼즐 교육 어린이 및 유아를 위한 학습 퍼즐 게임,20000,10000,50%,2025-08-06
이너 보이스 (Inner Voices),9500,4750,50%,2025-08-06
Retro Pixel Racers,5000,1000,80%,2025-08-06
마이티 스위치 포스! 컬렉션,22000,7700,65%,2025-08-06
보리얼  테네브라,7990,1990,75%,2025-08-06
Mokoko X,13490,4720,65%,2025-08-06
플루겐,4890,1990,59%,2025-08-06
COSPLAY LOVE! Enchanted princess,14330,7160,50%,2025-08-06
Take Off – The Flight Simulator,20230,10110,50%,2025-08-06
A Memoir Blue,9500,4750,50%,2025-08-06
What Lies In The Multiverse,18000,3600,80%,2025-08-06
Valis III,18700,9350,50%,2025-08-06
Valis II,18700,9350,50%,2025-08-06
Valis: The Fantasm Soldier,18700,9350,50%,2025-08-06
Cyber Pool,5900,2360,60%,2025-08-06
TRIVIAL PURSUIT Live! 2,22000,11000,50%,2025-08-06
이누카리 - 속임수의 추격전,9500,1990,79%,2025-08-06
Detective Inspector: Mysterious Clues,3400,1000,71%,2025-08-06
Pipes Master,3400,1000,71%,2025-08-06
백 브래들리,6900,1990,71%,2025-08-06
CATch the Stars,3400,1000,71%,2025-08-06
Clouzy!,16500,5440,67%,2025-08-06
CRYSTAR -크라이스타-,54800,13700,75%,2025-08-06
소피의 아틀리에2 ~신비한 꿈의 연금술사~,69800,34900,50%,2025-08-06
Stellar Interface,17000,3400,80%,2025-08-06
GetsuFumaDen: Undying Moon,26500,15900,40%,2025-08-06
몬스터 하베스트 (Monster Harvest),25000,3750,85%,2025-08-06
QUAKE,11000,4400,60%,2025-08-06
Valis: The Fantasm Soldier Collection,50000,25000,50%,2025-08-06
진자의 운동,11990,1990,83%,2025-08-06
검과 뼈,8900,1990,78%,2025-08-06
QUByte Classics - The Humans by PIKO,9000,4500,50%,2025-08-06
The Dead Tree of Ranchiuna,10000,2000,80%,2025-08-06
BIOHAZARD 6,23800,11900,50%,2025-08-06
Shadow Samurai Revenge,5300,1000,81%,2025-08-06
판데믹 슈터 (Pandemic Shooter),5490,2740,50%,2025-08-06
The Artful Escape,23000,9200,60%,2025-08-06
컴퍼니맨,24000,4800,80%,2025-08-06
Pure Mini Golf,5000,1000,80%,2025-08-06
Sudoku Zenkai,6680,3340,50%,2025-08-06
Aspire: Ina's Tale,14000,3220,77%,2025-08-06
Baby Storm,23900,2000,92%,2025-08-06
Make the Burger,4700,1000,79%,2025-08-06
Life is Strange: True Colors,69800,20940,70%,2025-08-06
Urban Trial Tricky,15000,2500,83%,2025-08-06
노바-111 (Nova-111),9990,4990,50%,2025-08-06
이모탈 렐름: 뱀파이어 워 (Immortal Realms: Vampire Wars),42000,8400,80%,2025-08-06
Horatio Goes Snowboarding,7000,1400,80%,2025-08-06
Timelie,23900,9560,60%,2025-08-06
There Is No Game: Wrong Dimension,17500,10500,40%,2025-08-06
Dinosaur Jigsaw Puzzles - 공룡 직소 퍼즐 어린이와 유아를 위한 공룡 퍼즐 게임,20000,10000,50%,2025-08-06
쓰레기 퀘스트,11990,1990,83%,2025-08-06
Twelve Minutes,28000,11200,60%,2025-08-06
디형사,14900,1990,87%,2025-08-06
레이저와이어: 나노워즈,10900,1990,82%,2025-08-06
작은 곤충,14900,1990,87%,2025-08-06
ARCADE SPACE SHOOTER 2 IN 1,4500,2250,50%,2025-08-06
ARIA CHRONICLE -아리아 크로니클-,37000,18500,50%,2025-08-06
Kosmonavtes: Academy Escape,6900,1380,80%,2025-08-06
Romeow: in the cracked world,3400,1000,71%,2025-08-06
Panmorphia: Enchanted,4500,1000,78%,2025-08-06
Airborne Kingdom,27000,12150,55%,2025-08-06
Plumber Puzzles,5400,1000,81%,2025-08-06
러슬러 (Rustler),35000,7000,80%,2025-08-06
무한대경,11990,1990,83%,2025-08-06
Encodya,31000,3100,90%,2025-08-06
Tunche,21000,5250,75%,2025-08-06
Angry Alligator 앵그리 엘리게이터,36000,12600,65%,2025-08-06
Golf Club Nostalgia,12000,2400,80%,2025-08-06
QUByte Classics - The Immortal by PIKO,9000,4500,50%,2025-08-06
멀티 퀴즈 (MULTI QUIZ),6000,1000,83%,2025-08-06
Zumba Aqua,3400,1000,71%,2025-08-06
Timberman VS,2000,1000,50%,2025-08-06
Violett,10000,1000,90%,2025-08-06
스파클 2: EVO,5000,1000,80%,2025-08-06
Minigolf Adventure,6910,2360,66%,2025-08-06
Halloween Jigsaw Puzzles - 어린이 및 유아를 위한 할로윈 직소 퍼즐 퍼즐 게임,20000,10000,50%,2025-08-06
쌀쌀한,11990,1990,83%,2025-08-06
Hextones,3400,1000,71%,2025-08-06
Ruin Raiders,21500,5380,75%,2025-08-06
Magicolors,2300,1150,50%,2025-08-06
Underland,9000,4500,50%,2025-08-06
슈퍼소닉 탱크 캣츠 (Supersonic Tank Cats),5490,2740,50%,2025-08-06
Lyrica,21000,2000,90%,2025-08-06
Panmorphia,6900,1380,80%,2025-08-06
섬뜩한 이야기 2 (Creepy Tale 2),14990,7490,50%,2025-08-06
AAA 시계,11990,1990,83%,2025-08-06
Jack Axe,17290,5190,70%,2025-08-06
"Balloon Pop - 미취학 아동 및 유아를 위한 학습 게임 - 14개 언어로 숫자, 문자, 모양 및 색상 배우기",16600,8300,50%,2025-08-06
Asdivine Saga,18900,10390,45%,2025-08-06
Spelunky,12000,4800,60%,2025-08-06
나쁜 왕과 훌륭한 용사,49800,24900,50%,2025-08-06
Crisis Wing,8500,2970,65%,2025-08-06
MELTY BLOOD: TYPE LUMINA,54800,16440,70%,2025-08-06
Actraiser Renaissance,34800,17400,50%,2025-08-06
하우스토리아,14900,1990,87%,2025-08-06
Raiden 4 MIKADO Remix,34800,10440,70%,2025-08-06
클래식 로지컬 번들 (4 in 1),9990,4990,50%,2025-08-06
METALLIC CHILD,37000,22200,40%,2025-08-06
Lost in Random™,36000,5400,85%,2025-08-06
World for Two,14000,5600,60%,2025-08-06
Dark Fantasy: Jigsaw Puzzle 2,4990,1740,65%,2025-08-06
ASMR Journey - Jigsaw Puzzle,4500,2250,50%,2025-08-06
Animal Puzzle - 어린이와 유아를 위한 동물 퍼즐 유치원 학습 게임,13560,6780,50%,2025-08-06
Ravva and the Cyclops Curse,5000,1000,80%,2025-08-06
Savage Halloween,5500,2750,50%,2025-08-06
Puzzletronics,4500,2250,50%,2025-08-06
Rogue Explorer,8800,1760,80%,2025-08-06
포어클로즈드 (Foreclosed),22000,3300,85%,2025-08-06
솔 디바이드 for Nintendo Switch(SOL DIVIDE for Nintendo Switch),8800,4400,50%,2025-08-06
Throw it! Animal Park,5200,4160,20%,2025-08-06
사무라이 에이스 for Nintendo Switch(Samurai Aces for Nintendo Switch),8800,4400,50%,2025-08-06
마지막 조사,15900,1990,87%,2025-08-06
Shadow Corridor 그림자 복도,19800,5940,70%,2025-08-06
Dreamscaper,27000,5400,80%,2025-08-06
CLOSER,6500,1300,80%,2025-08-06
Kosmonavtes: Escape Reality,4500,1000,78%,2025-08-06
바다표범 전철,4000,1600,60%,2025-08-06
Street Basketball - 길거리 농구,6800,2500,63%,2025-08-06
void tRrLM(); //보이드 테라리움,54800,27400,50%,2025-08-06
Last Stop,27000,8100,70%,2025-08-06
Spelunker HD Deluxe,27800,13900,50%,2025-08-06
Classic Pool,10800,2480,77%,2025-08-06
Moorhuhn Remake,9400,4700,50%,2025-08-06
Dark Fantasy: Jigsaw Puzzle,4990,1740,65%,2025-08-06
Kirakira stars idol project Nagisa,10400,5200,50%,2025-08-06
Worms Rumble,16800,1680,90%,2025-08-06
Pretty Girls Klondike Solitaire,6000,2400,60%,2025-08-06
Kirakira stars idol project Ai,10400,5200,50%,2025-08-06
Slide Stars 슬라이드 스타즈,31650,4750,85%,2025-08-06
SpellKeeper,6600,1000,85%,2025-08-06
길잃은 고양이의 여행2 -Stray Cat Doors2-,20000,10000,50%,2025-08-06
Taxi Chaos  택시 카오스,40800,18360,55%,2025-08-06
King of Seas,29600,5920,80%,2025-08-06
Godstrike,16500,5440,67%,2025-08-06
Jetboard Joust,11000,2750,75%,2025-08-06
‘차일드 오브 라이트’ 얼티밋 에디션 + ‘밸리언트 하트: 더 그레이트 워’,35000,7000,80%,2025-08-06
R-TYPE FINAL2,56000,16800,70%,2025-08-06
Speed 3: Grand Prix 스피드 3: 그랑프리,40700,12210,70%,2025-08-06
Breathedge,26000,6500,75%,2025-08-06
테일즈 프롬 더 보더랜드,28000,16800,40%,2025-08-06
G다리우스HD（DARIUS G HD）,39800,15920,60%,2025-08-06
시 오브 솔리튜드 – 더 디렉터즈 컷,25800,6450,75%,2025-08-06
Forward To The Sky (포워드 투 더 스카이),48000,7200,85%,2025-08-06
로스트 스피어,44800,13440,70%,2025-08-06
알파카 축구 올스타,27500,5500,80%,2025-08-06
Scott Pilgrim vs. The World™: The Game – 컴플릿 에디션,16500,5500,67%,2025-08-06
Shakes on a Plane,23100,2310,90%,2025-08-06
METAL MAX Xeno Reborn,59800,11960,80%,2025-08-06
Nexomon: Extinction 넥소몬: 멸종,22000,6600,70%,2025-08-06
건바리치 for Nintendo Switch (GUNBARICH for Nintendo Switch),8800,4400,50%,2025-08-06
샨테와 일곱 사이렌,44800,22400,50%,2025-08-06
MAD RAT DEAD,59800,29900,50%,2025-08-06
제물과 눈의 세츠나,44800,13440,70%,2025-08-06
Construction Simulator 3 - Console Edition,20490,7170,65%,2025-08-06
스페이스 크루: 레전더리 에디션 (Space Crew: Legendary Edition),26000,3900,85%,2025-08-06
사이클 질주본능 DX,6000,1500,75%,2025-08-06
던그리드,16900,10900,36%,2025-08-06
Gleamlight (글림라이트),21000,4200,80%,2025-08-06
Deadly Days,22000,2200,90%,2025-08-06
FAIRY TAIL,69800,23030,67%,2025-08-06
락 오브 에이지 3,35000,7000,80%,2025-08-06
릴 피싱 로드 트립 어드벤처,39000,11700,70%,2025-08-06
Burnout™ Paradise Remastered,36000,5760,84%,2025-08-06
아메리칸 퓨지티브,20500,2050,90%,2025-08-06
마계전기 디스가이아4 Return,59800,29900,50%,2025-08-06
슈퍼 픽셀 레이서즈,16500,6600,60%,2025-08-06
피싱 스타 월드 투어,39000,11700,70%,2025-08-06
Shinsekai Into the Depths™,24500,12250,50%,2025-08-06
Scribblenauts Showdown,43500,3910,91%,2025-08-06
언더 나이트 인버스 엑셀레이트 클레어,49800,9960,80%,2025-08-06
3000th Duel,15500,4650,70%,2025-08-06
꿀벌 시뮬레이터,39800,5970,85%,2025-08-06
CONTRA: ROGUE CORPS (콘트라 – 로그 콥스 -) (한국어판),53000,15900,70%,2025-08-06
Fe,24000,7200,70%,2025-08-06
HEROINE ANTHEM ZERO episode 1,16600,4980,70%,2025-08-06
Don't Knock Twice,16000,4800,70%,2025-08-06
닌자 박스,44800,4800,89%,2025-08-06
에어 컨플릭트: 퍼시픽 캐리어,19800,3960,80%,2025-08-06
에어 컨플릭트: 시크릿 워,19800,3960,80%,2025-08-06
닌자 세이비어 : 리턴 오브 워리어즈,39000,19500,50%,2025-08-06
어웨이: 뜻밖의 여정,19500,2930,85%,2025-08-06
섬란 카구라 PEACH BALL,69800,20940,70%,2025-08-06
Starlink: Battle for Atlas™ - 디럭스 에디션,44000,11000,75%,2025-08-06
프로젝트 하이라이즈: 아키텍트 에디션,42000,8400,80%,2025-08-06
레미로어 ~소녀와 이세계와 마도서~,41250,20600,50%,2025-08-06
BLADE ARCUS Rebellion from Shining,49800,9960,80%,2025-08-06
미스트랄리아의 마법사,19800,4950,75%,2025-08-06
블레이블루 센트럴픽션 스페셜 에디션 (BlazBlue Centralfiction Special Edition),48000,7200,85%,2025-08-06
토키,33000,4950,85%,2025-08-06
나쁜 놈을 죽이자 (Kill The Bad Guy),8900,1340,85%,2025-08-06
핸드 오브 페이트 2,33000,4950,85%,2025-08-06
올드 스쿨 뮤지컬,12900,2580,80%,2025-08-06
WORLD OF FINAL FANTASY MAXIMA,44700,17880,60%,2025-08-06
뿌요뿌요 e스포츠,19800,9900,50%,2025-08-06
Legendary Fishing,23000,4500,80%,2025-08-06
Little Dragons Café,58000,17400,70%,2025-08-06
던전 러셔 (Dungeon Rushers),14900,2240,85%,2025-08-06
해피 버스데이즈(Happy Birthdays),45000,9000,80%,2025-08-06
